Date,AAPL,AMZN,GOOGL,MSFT,TSLA
2019-01-02,37.50372314453125,76.95649719238281,52.301727294921875,94.39714050292969,20.674667358398438
2019-01-03,33.76808166503906,75.01399993896484,50.85319900512695,90.92447662353516,20.02400016784668
2019-01-04,35.20961380004883,78.76950073242188,53.46164321899414,95.15328216552734,21.179332733154297
2019-01-07,35.13124084472656,81.47550201416016,53.35502624511719,95.27464294433594,22.33066749572754
2019-01-08,35.80095672607422,82.8290023803711,53.82365036010742,95.9654541015625,22.356666564941406
2019-01-09,36.40890884399414,82.97100067138672,53.63916778564453,97.33773040771484,22.568666458129883
2019-01-10,36.525299072265625,82.81099700927734,53.49932861328125,96.71224212646484,22.99799919128418
2019-01-11,36.16667938232422,82.02799987792969,52.78721237182617,95.9654541015625,23.150667190551758
2019-01-14,35.62283706665039,80.8604965209961,52.144527435302734,95.26531982421875,22.293333053588867
2019-01-15,36.35192108154297,83.72799682617188,53.88018035888672,98.02852630615234,22.961999893188477
2019-01-16,36.7960205078125,84.18900299072266,54.02894973754883,98.37391662597656,23.06999969482422
2019-01-17,37.01451110839844,84.66100311279297,54.50551223754883,99.06473541259766,23.15399932861328
2019-01-18,37.242488861083984,84.80999755859375,54.91115951538086,100.54901885986328,20.150667190551758
2019-01-22,36.406532287597656,81.6084976196289,53.48941421508789,98.65399169921875,19.92799949645996
2019-01-23,36.55379104614258,82.0009994506836,53.77604675292969,99.61549377441406,19.172666549682617
2019-01-24,36.2640495300293,82.74649810791016,53.75571060180664,99.13941955566406,19.43400001525879
2019-01-25,37.46572494506836,83.52850341796875,54.6240348815918,100.04493713378906,19.80266761779785
2019-01-28,37.118988037109375,81.89450073242188,53.55040740966797,98.09387969970703,19.7586669921875
2019-01-29,36.7342643737793,79.69400024414062,53.06442642211914,96.09615325927734,19.83066749572754
2019-01-30,39.244503021240234,83.52149963378906,54.44947814941406,99.30744934082031,20.584667205810547
2019-01-31,39.527099609375,85.9365005493164,55.83304214477539,97.48710632324219,20.468000411987305
2019-02-01,39.54608917236328,81.3115005493164,55.47252655029297,95.94677734375,20.81399917602539
2019-02-04,40.66940689086914,81.66549682617188,56.60317611694336,98.70999908447266,20.859333038330078
2019-02-05,41.365234375,82.94049835205078,57.12139129638672,100.09160614013672,21.42333221435547
2019-02-06,41.37950134277344,82.01300048828125,55.68427276611328,98.980712890625,21.148000717163086
2019-02-07,40.59578323364258,80.71849822998047,54.84223175048828,98.27124786376953,20.500667572021484
2019-02-08,40.64348602294922,79.41100311279297,54.66717529296875,98.64464569091797,20.386667251586914
2019-02-11,40.409751892089844,79.55000305175781,54.65428161621094,98.2525634765625,20.856000900268555
2019-02-12,40.757965087890625,81.90049743652344,55.916847229003906,99.7835464477539,20.78733253479004
2019-02-13,40.58863830566406,82.0,55.968910217285156,99.7088623046875,20.544666290283203
2019-02-14,40.736507415771484,81.13249969482422,55.9971809387207,99.79289245605469,20.251333236694336
2019-02-15,40.64586639404297,80.39749908447266,55.522605895996094,101.02511596679688,20.525333404541016
2019-02-19,40.76750564575195,81.37899780273438,55.86378479003906,100.97843933105469,20.375999450683594
2019-02-20,41.02986145019531,81.1050033569336,55.570213317871094,100.45344543457031,20.17066764831543
2019-02-21,40.79851150512695,80.97200012207031,54.75792694091797,102.57219696044922,19.415332794189453
2019-02-22,41.254051208496094,81.5780029296875,55.370365142822266,104.03469848632812,19.6473331451416
2019-02-25,41.55457305908203,81.6500015258789,55.40855026245117,104.61595916748047,19.917999267578125
2019-02-26,41.57842254638672,81.81999969482422,55.64063262939453,105.33779907226562,19.857332229614258
2019-02-27,41.70721435546875,82.05449676513672,55.68427276611328,105.1596908569336,20.982667922973633
2019-02-28,41.296993255615234,81.99150085449219,55.86577224731445,105.02845764160156,21.325332641601562
2019-03-01,41.731075286865234,83.58650207519531,56.955265045166016,105.4971694946289,19.652666091918945
2019-03-04,41.94095230102539,84.80850219726562,57.19825744628906,105.24407196044922,19.02400016784668
2019-03-05,41.864627838134766,84.62149810791016,57.98029327392578,104.71908569335938,18.43600082397461
2019-03-06,41.623741149902344,83.44750213623047,57.76953887939453,104.76595306396484,18.416000366210938
2019-03-07,41.14196014404297,81.29750061035156,57.0708122253418,103.49092864990234,18.439332962036133
2019-03-08,41.23975372314453,81.04000091552734,57.02717590332031,103.60343933105469,18.94266700744629
2019-03-11,42.66838073730469,83.53099822998047,58.47966384887695,105.77845001220703,19.39466667175293
2019-03-12,43.14778518676758,83.65499877929688,59.37179183959961,106.51908874511719,18.890666961669922
2019-03-13,43.338584899902344,84.54049682617188,59.461551666259766,107.34407043457031,19.263999938964844
2019-03-14,43.82035827636719,84.31099700927734,59.13772964477539,107.42843627929688,19.33066749572754
2019-03-15,44.390377044677734,85.61799621582031,59.02714538574219,108.66596984863281,18.36199951171875
2019-03-18,44.84354782104492,87.10749816894531,58.94036102294922,110.22219848632812,17.965999603271484
2019-03-19,44.4881706237793,88.09249877929688,59.63016128540039,110.29723358154297,17.83133316040039
2019-03-20,44.87692642211914,89.8635025024414,60.81882858276367,110.17533874511719,18.239999771118164
2019-03-21,46.52976608276367,90.96299743652344,61.29985427856445,112.70659637451172,18.26799964904785
2019-03-22,45.566219329833984,88.2385025024414,59.88752746582031,109.73471069335938,17.635332107543945
2019-03-25,45.015262603759766,88.71299743652344,59.378238677978516,110.30660247802734,17.3613338470459
2019-03-26,44.5501823425293,89.18800354003906,59.004329681396484,110.54096984863281,17.851333618164062
2019-03-27,44.95087814331055,88.28500366210938,58.41767501831055,109.47222137451172,18.32200050354004
2019-03-28,45.0105094909668,88.6709976196289,58.133033752441406,109.62220764160156,18.57466697692871
2019-03-29,45.30385971069336,89.0374984741211,58.36214065551758,110.5691146850586,18.657333374023438
2019-04-01,45.61151885986328,90.70950317382812,59.45758819580078,111.58157348632812,19.278667449951172
2019-04-02,46.27457046508789,90.6989974975586,59.78289794921875,111.74098205566406,19.058666229248047
2019-04-03,46.59178161621094,91.03500366210938,60.04423522949219,112.47221374511719,19.45400047302246
2019-04-04,46.67286682128906,90.94300079345703,60.472694396972656,111.90034484863281,17.851999282836914
2019-04-05,46.98531723022461,91.86399841308594,60.07596969604492,112.39722442626953,18.33066749572754
2019-04-08,47.72468185424805,92.49299621582031,59.91876983642578,112.4347152709961,18.213333129882812
2019-04-09,47.581581115722656,91.79199981689453,59.641563415527344,111.82534790039062,18.15399932861328
2019-04-10,47.84868621826172,92.36650085449219,59.82801818847656,112.678466796875,18.40399932861328
2019-04-11,47.45038986206055,92.20349884033203,59.98373794555664,112.8097152709961,17.89466667175293
2019-04-12,47.43131637573242,92.15299987792969,60.635353088378906,113.3909683227539,17.84666633605957
2019-04-15,47.517173767089844,92.24349975585938,60.823795318603516,113.4847183227539,17.7586669921875
2019-04-16,47.52193832397461,93.1520004272461,61.09058380126953,113.22221374511719,18.224000930786133
2019-04-17,48.44733810424805,93.24099731445312,61.498714447021484,114.15972137451172,18.082000732421875
2019-04-18,48.6214485168457,93.08450317382812,61.564674377441406,115.65971374511719,18.21733283996582
2019-04-22,48.78125,94.3655014038086,62.174129486083984,116.02533721923828,17.516666412353516
2019-04-23,49.48482894897461,96.1884994506836,63.008731842041016,117.60037994384766,17.593332290649414
2019-04-24,49.408512115478516,95.0875015258789,62.48604965209961,117.197265625,17.243999481201172
2019-04-25,48.960113525390625,95.11250305175781,62.84756851196289,121.0784912109375,16.5086669921875
2019-04-26,48.72639846801758,97.53150177001953,63.34743118286133,121.77225494384766,15.675999641418457
2019-04-29,48.800323486328125,96.92150115966797,64.27872467041016,121.6597900390625,16.097999572753906
2019-04-30,47.86063003540039,96.32599639892578,59.45659255981445,122.4378662109375,15.912667274475098
2019-05-01,50.20989227294922,95.57599639892578,58.185096740722656,119.88784790039062,15.600666999816895
2019-05-02,49.88314437866211,95.04100036621094,57.84739303588867,118.32223510742188,16.273332595825195
2019-05-03,50.50324630737305,98.12300109863281,58.989952087402344,120.8441162109375,17.00200080871582
2019-05-06,49.723323822021484,97.52749633789062,59.1838493347168,120.14096069335938,17.022666931152344
2019-05-07,48.382957458496094,96.05000305175781,58.459835052490234,117.67536163330078,16.470666885375977
2019-05-08,48.39249038696289,95.88849639892578,58.05914306640625,117.666015625,16.32266616821289
2019-05-09,47.872535705566406,94.99349975585938,57.91979217529297,117.65660095214844,16.131999969482422
2019-05-10,47.209346771240234,94.4990005493164,57.90342712402344,119.18474578857422,15.968000411987305
2019-05-13,44.46556854248047,91.13400268554688,56.363651275634766,115.6409683227539,15.133999824523926
2019-05-14,45.16946792602539,92.00599670410156,55.78195571899414,116.93474578857422,15.487333297729492
2019-05-15,45.710567474365234,93.55750274658203,58.06013870239258,118.58143615722656,15.463333129882812
2019-05-16,45.50944900512695,95.37850189208984,58.73952102661133,121.31963348388672,15.222000122070312
2019-05-17,45.250877380371094,93.44999694824219,57.959957122802734,120.51043701171875,14.0686674118042
2019-05-20,43.835880279541016,92.94850158691406,56.763851165771484,118.7696304321289,13.690667152404785
2019-05-21,44.6762580871582,92.8759994506836,57.24884033203125,119.40950012207031,13.67199993133545
2019-05-22,43.76166915893555,92.98400115966797,57.318763732910156,120.13402557373047,12.84866714477539
2019-05-23,43.014671325683594,90.77400207519531,56.797569274902344,118.73200225830078,13.03266716003418
2019-05-24,42.84946823120117,91.16400146484375,56.46382141113281,118.78843688964844,12.708666801452637
2019-05-28,42.672298431396484,91.82150268554688,56.51093292236328,118.71318054199219,12.579999923706055
2019-05-29,42.46878433227539,90.95950317382812,55.53798294067383,117.565185546875,12.657333374023438
2019-05-30,42.68905258178711,90.81600189208984,55.61087417602539,118.3085708618164,12.54800033569336
2019-05-31,41.91572189331055,88.75350189208984,54.87148666381836,116.37957000732422,12.343999862670898
2019-06-03,41.491939544677734,84.6344985961914,51.511253356933594,112.7662124633789,11.9313325881958
2019-06-04,43.0098876953125,86.47799682617188,52.29230499267578,115.89025115966797,12.90666675567627
2019-06-05,43.70419692993164,86.92500305175781,51.80384063720703,118.40265655517578,13.105999946594238
2019-06-06,44.345863342285156,87.71800231933594,51.95856475830078,120.27519989013672,13.729999542236328
2019-06-07,45.526206970214844,90.20149993896484,52.98060989379883,123.64387512207031,13.633333206176758
2019-06-10,46.108009338378906,93.03150177001953,53.69422149658203,124.77306365966797,14.192000389099121
2019-06-11,46.64191818237305,93.18499755859375,53.608917236328125,124.30257415771484,14.473333358764648
2019-06-12,46.49348068237305,92.76599884033203,53.51272201538086,123.72858428955078,13.950667381286621
2019-06-13,46.48390579223633,93.51499938964844,54.10333251953125,124.50957489013672,14.260666847229004
2019-06-14,46.14630889892578,93.4834976196289,53.86976623535156,124.63188934326172,14.32800006866455
2019-06-17,46.421661376953125,94.30149841308594,54.246158599853516,125.00827026367188,15.001999855041504
2019-06-18,47.513423919677734,95.06849670410156,54.80900573730469,127.18195343017578,14.982666969299316
2019-06-19,47.37454605102539,95.43949890136719,54.772804260253906,127.68067169189453,15.095333099365234
2019-06-20,47.75522994995117,95.90950012207031,55.203739166259766,128.86624145507812,14.641332626342773
2019-06-21,47.59243392944336,95.56500244140625,55.807254791259766,128.88511657714844,14.790666580200195
2019-06-24,47.54453659057617,95.69499969482422,55.3773078918457,129.6472625732422,14.909333229064941
2019-06-25,46.82387161254883,93.91349792480469,53.93324279785156,125.55402374267578,14.650667190551758
2019-06-26,47.83662796020508,94.8915023803711,53.57321548461914,126.02452087402344,14.618000030517578
2019-06-27,47.82228469848633,95.21399688720703,53.390235900878906,126.23153686523438,14.855999946594238
2019-06-28,47.38652420043945,94.68150329589844,53.69620132446289,126.05278778076172,14.897333145141602
2019-07-01,48.255638122558594,96.1094970703125,54.549156188964844,127.67121887207031,15.14466667175293
2019-07-02,48.538143157958984,96.71549987792969,55.17398452758789,128.51808166503906,14.970000267028809
2019-07-03,48.940372467041016,96.94999694824219,55.68922805786133,129.34616088867188,15.65999984741211
2019-07-05,48.897274017333984,97.14550018310547,56.16925811767578,128.9698028564453,15.539999961853027
2019-07-08,47.889305114746094,97.61599731445312,55.381771087646484,128.87570190429688,15.355999946594238
2019-07-09,48.18140411376953,99.41500091552734,55.75369644165039,128.4052276611328,15.337332725524902
2019-07-10,48.657859802246094,100.87049865722656,56.57788848876953,129.7131805419922,15.928000450134277
2019-07-11,48.30350875854492,100.05349731445312,56.73508834838867,130.23069763183594,15.90666675567627
2019-07-12,48.674625396728516,100.55000305175781,56.797569274902344,130.701171875,16.338666915893555
2019-07-15,49.13191223144531,101.04949951171875,57.053955078125,130.701171875,16.899999618530273
2019-07-16,48.96192932128906,100.49500274658203,57.20024108886719,128.98863220214844,16.825332641601562
2019-07-17,48.68658447265625,99.60150146484375,56.867000579833984,128.22640991210938,16.99066734313965
2019-07-18,49.239662170410156,98.8949966430664,56.89179611206055,128.36756896972656,16.902666091918945
2019-07-19,48.50462341308594,98.22599792480469,56.11372375488281,128.55575561523438,17.211999893188477
2019-07-22,49.61315155029297,99.28150177001953,56.49357604980469,130.2589111328125,17.045333862304688
2019-07-23,50.00101852416992,99.72450256347656,56.93196105957031,131.0681610107422,17.344667434692383
2019-07-24,49.96031188964844,100.04049682617188,56.519371032714844,132.4137420654297,17.658666610717773
2019-07-25,49.56526565551758,98.69100189208984,56.3314208984375,131.91502380371094,15.254667282104492
2019-07-26,49.73764419555664,97.15249633789062,61.750633239746094,132.99716186523438,15.202667236328125
2019-07-29,50.20212173461914,95.62249755859375,61.5830192565918,132.70545959472656,15.718000411987305
2019-07-30,49.98666000366211,94.92649841308594,60.89669418334961,132.0655975341797,16.150667190551758
2019-07-31,51.006595611572266,93.33899688720703,60.41070556640625,128.22640991210938,16.107332229614258
2019-08-01,49.90285110473633,92.76599884033203,60.092342376708984,129.9107666015625,15.59000015258789
2019-08-02,48.84699630737305,91.16200256347656,59.325679779052734,128.8192138671875,15.62266731262207
2019-08-05,46.289955139160156,88.25650024414062,57.26420974731445,124.40605163574219,15.221332550048828
2019-08-06,47.16625213623047,89.3915023803711,58.07401657104492,126.73968505859375,15.383333206176758
2019-08-07,47.65467834472656,89.66999816894531,58.313541412353516,127.29489135742188,15.561332702636719
2019-08-08,48.70573425292969,91.64450073242188,59.81513977050781,130.69171142578125,15.886667251586914
2019-08-09,48.304378509521484,90.37899780273438,58.95771789550781,129.58143615722656,15.667332649230957
2019-08-12,48.18181610107422,89.24600219726562,58.243621826171875,127.7746810913086,15.267333030700684
2019-08-13,50.22223663330078,91.21700286865234,59.346004486083984,130.41888427734375,15.666666984558105
2019-08-14,48.72737121582031,88.14800262451172,57.735321044921875,126.49140167236328,14.641332626342773
2019-08-15,48.48463439941406,88.80599975585938,57.98674392700195,126.2081298828125,14.37600040435791
2019-08-16,49.62862777709961,89.62850189208984,58.4771842956543,128.52120971679688,14.662667274475098
2019-08-19,50.553897857666016,90.80599975585938,59.52998733520508,130.67381286621094,15.121999740600586
2019-08-20,50.55628967285156,90.06900024414062,58.691410064697266,129.58804321289062,15.057332992553711
2019-08-21,51.10425567626953,91.177001953125,59.090614318847656,131.0325164794922,14.722000122070312
2019-08-22,51.060997009277344,90.23300170898438,59.087642669677734,130.07901000976562,14.8100004196167
2019-08-23,48.70094299316406,87.48100280761719,57.20619201660156,125.93437957763672,14.09333324432373
2019-08-26,49.626216888427734,88.44349670410156,58.0789680480957,127.87924194335938,14.333333015441895
2019-08-27,49.066246032714844,88.09149932861328,58.061126708984375,128.15304565429688,14.272000312805176
2019-08-28,49.39549255371094,88.2125015258789,58.206424713134766,127.98307037353516,14.37266731262207
2019-08-29,50.23185729980469,89.31999969482422,59.222530364990234,130.39999389648438,14.780667304992676
2019-08-30,50.166954040527344,88.81449890136719,59.03854751586914,130.15451049804688,15.040666580200195
2019-09-03,49.43635177612305,89.49199676513672,57.998146057128906,128.4362335205078,15.000666618347168
2019-09-04,50.27511978149414,90.03099822998047,58.62893295288086,129.9373779296875,14.711999893188477
2019-09-05,51.25807189941406,92.03600311279297,60.1126708984375,132.22210693359375,15.305333137512207
2019-09-06,51.253265380859375,91.67549896240234,59.82157897949219,131.3251953125,15.16333293914795
2019-09-09,51.471954345703125,91.56749725341797,59.769508361816406,129.8335723876953,15.452667236328125
2019-09-10,52.079994201660156,91.02749633789062,59.79082489013672,128.47401428222656,15.702667236328125
2019-09-11,53.73588943481445,91.14949798583984,60.49996566772461,128.51177978515625,16.47333335876465
2019-09-12,53.61572265625,92.17749786376953,61.242332458496094,129.8335723876953,16.391332626342773
2019-09-13,52.57267761230469,91.96700286865234,61.493255615234375,129.64471435546875,16.34666633605957
2019-09-16,52.84906768798828,90.39199829101562,61.07670211791992,128.71005249023438,16.187332153320312
2019-09-17,53.041343688964844,91.12750244140625,60.989925384521484,129.7108154296875,16.319332122802734
2019-09-18,53.5388298034668,90.87300109863281,61.127288818359375,130.7776641845703,16.232667922973633
2019-09-19,53.10382843017578,91.07499694824219,61.42978286743164,133.1851348876953,16.440000534057617
2019-09-20,52.32753372192383,89.70800018310547,60.9879264831543,131.646240234375,16.041332244873047
2019-09-23,52.56547927856445,89.26499938964844,61.228450775146484,131.3629608154297,16.082000732421875
2019-09-24,52.3155403137207,87.08049774169922,60.417152404785156,129.7013397216797,14.880666732788086
2019-09-25,53.120643615722656,88.41649627685547,61.786338806152344,131.57069396972656,15.24666690826416
2019-09-26,52.84666061401367,86.99199676513672,61.60533142089844,131.7406463623047,16.17066764831543
2019-09-27,52.58951187133789,86.27249908447266,60.7950325012207,130.0318145751953,16.142000198364258
2019-09-30,53.82722473144531,86.79550170898438,60.55649948120117,131.2591094970703,16.058000564575195
2019-10-01,53.976226806640625,86.78250122070312,59.80570602416992,129.40870666503906,16.312667846679688
2019-10-02,52.623165130615234,85.6614990234375,58.4132194519043,127.12397003173828,16.208667755126953
2019-10-03,53.07017517089844,86.22100067138672,58.984004974365234,128.66281127929688,15.535332679748535
2019-10-04,54.557838439941406,86.98249816894531,60.051673889160156,130.39999389648438,15.428667068481445
2019-10-07,54.56983947753906,86.63300323486328,59.91728591918945,129.45587158203125,15.847999572753906
2019-10-08,53.930564880371094,85.27549743652344,59.01871871948242,128.08694458007812,16.003332138061523
2019-10-09,54.5626335144043,86.09950256347656,59.62718200683594,130.51332092285156,16.302000045776367
2019-10-10,55.298057556152344,86.01300048828125,59.977783203125,131.3251953125,16.31599998474121
2019-10-11,56.768890380859375,86.59600067138672,60.287227630615234,131.87281799316406,16.525999069213867
2019-10-14,56.68718338012695,86.82150268554688,60.38938522338867,131.75006103515625,17.130666732788086
2019-10-15,56.55500793457031,88.36900329589844,61.602848052978516,133.6571807861328,17.19266700744629
2019-10-16,56.3266716003418,88.87149810791016,61.64054489135742,132.56199645996094,17.316667556762695
2019-10-17,56.545379638671875,89.3740005493164,62.12652587890625,131.8822479248047,17.46466636657715
2019-10-18,56.81695556640625,87.87550354003906,61.71046447753906,129.7296600341797,17.1299991607666
2019-10-21,57.80231857299805,89.28299713134766,61.704017639160156,130.69264221191406,16.899999618530273
2019-10-22,57.67013168334961,88.2864990234375,61.55128479003906,128.74781799316406,17.038667678833008
2019-10-23,58.44398880004883,88.1084976196289,62.366050720214844,129.56918334960938,16.978666305541992
2019-10-24,58.54014205932617,89.03900146484375,62.4394416809082,132.11827087402344,19.978666305541992
2019-10-25,59.261138916015625,88.06649780273438,62.696807861328125,132.8640899658203,21.875333786010742
2019-10-28,59.85476303100586,88.85399627685547,63.92069625854492,136.1307373046875,21.847333908081055
2019-10-29,58.47044372558594,88.135498046875,62.516300201416016,134.84674072265625,21.08133316040039
2019-10-30,58.463226318359375,88.99949645996094,62.518287658691406,136.5272674560547,21.000667572021484
2019-10-31,59.78506088256836,88.83300018310547,62.4240608215332,135.35655212402344,20.994667053222656
2019-11-01,61.481815338134766,89.5719985961914,63.09104919433594,135.68704223632812,20.887332916259766
2019-11-04,61.88555145263672,90.23300170898438,63.95194625854492,136.4706268310547,21.1646671295166
2019-11-05,61.796634674072266,90.08550262451172,64.04268646240234,136.38565063476562,21.148000717163086
2019-11-06,61.82306671142578,89.78849792480469,64.02135467529297,136.0079803466797,21.77199935913086
2019-11-07,62.536590576171875,89.41000366210938,64.81134033203125,136.19679260253906,22.369333267211914
2019-11-08,62.707740783691406,89.29399871826172,64.91348266601562,137.80181884765625,22.47599983215332
2019-11-11,63.204307556152344,88.5824966430664,64.38189697265625,137.9434051513672,23.006000518798828
2019-11-12,63.14645767211914,88.9000015258789,64.32881927490234,138.8497772216797,23.32866668701172
2019-11-13,63.75151062011719,87.65550231933594,64.27775573730469,139.0763397216797,23.073999404907227
2019-11-14,63.31037902832031,87.7300033569336,64.92092895507812,139.784423828125,23.290000915527344
2019-11-15,64.06246185302734,86.97450256347656,66.13043975830078,141.587646484375,23.47800064086914
2019-11-18,64.38546752929688,87.62650299072266,65.4510498046875,141.9369659423828,23.332666397094727
2019-11-19,64.19023895263672,87.6395034790039,65.09152221679688,141.9842071533203,23.968000411987305
2019-11-20,63.44294357299805,87.27649688720703,64.55941772460938,141.73788452148438,23.481332778930664
2019-11-21,63.15851593017578,86.7354965209961,64.47412872314453,141.6052703857422,23.655332565307617
2019-11-22,63.10306167602539,87.28600311279297,64.15326690673828,141.70945739746094,22.202667236328125
2019-11-25,64.20952606201172,88.69200134277344,64.74687194824219,143.26307678222656,22.422666549682617
2019-11-26,63.70811462402344,89.84700012207031,65.11185455322266,144.02093505859375,21.92799949645996
2019-11-27,64.56385803222656,90.92549896240234,65.06869506835938,144.295654296875,22.086000442504883
2019-11-29,64.421630859375,90.04000091552734,64.66999816894531,143.40516662597656,21.996000289916992
2019-12-02,63.67679977416992,89.08000183105469,63.91474914550781,141.67156982421875,22.32466697692871
2019-12-03,62.54140853881836,88.49800109863281,64.2063217163086,141.4442138671875,22.413333892822266
2019-12-04,63.09343719482422,88.03450012207031,65.40641784667969,141.955810546875,22.20199966430664
2019-12-05,64.01907348632812,87.02400207519531,65.80413055419922,142.03155517578125,22.024667739868164
2019-12-06,65.25569152832031,87.58000183105469,66.4205322265625,143.75564575195312,22.392667770385742
2019-12-09,64.34208679199219,87.47550201416016,66.59906005859375,143.38624572753906,22.635332107543945
2019-12-10,64.7181396484375,86.96050262451172,66.59410095214844,143.16835021972656,23.256000518798828
2019-12-11,65.27012634277344,87.43599700927734,66.66153717041016,143.70831298828125,23.51333236694336
2019-12-12,65.43647003173828,88.0165023803711,66.8718032836914,145.16717529296875,23.978666305541992
2019-12-13,66.32595825195312,88.0469970703125,66.79147338867188,146.38925170898438,23.892667770385742
2019-12-16,67.46131896972656,88.46050262451172,67.47730255126953,147.33653259277344,25.433332443237305
2019-12-17,67.5938949584961,89.53299713134766,67.18917083740234,146.5408172607422,25.266000747680664
2019-12-18,67.43241882324219,89.20149993896484,67.0414047241211,146.23764038085938,26.209999084472656
2019-12-19,67.49989318847656,89.61399841308594,67.26604461669922,147.5070343017578,26.93600082397461
2019-12-20,67.36007690429688,89.32499694824219,67.00718688964844,149.11752319335938,27.03933334350586
2019-12-23,68.45928192138672,89.6500015258789,66.97791290283203,149.11752319335938,27.947999954223633
2019-12-24,68.52435302734375,89.46050262451172,66.67046356201172,149.089111328125,28.350000381469727
2019-12-26,69.88391876220703,93.4384994506836,67.56507110595703,150.31112670898438,28.729333877563477
2019-12-27,69.85740661621094,93.48999786376953,67.17678833007812,150.58587646484375,28.691999435424805
2019-12-30,70.27201843261719,92.34449768066406,66.43640899658203,149.28802490234375,27.64666748046875
2019-12-31,70.78543090820312,92.39199829101562,66.4205322265625,149.39219665527344,27.8886661529541
2020-01-02,72.40049743652344,94.90049743652344,67.8730239868164,152.1583709716797,28.68400001525879
2020-01-03,71.69664001464844,93.74849700927734,67.5179672241211,150.26373291015625,29.534000396728516
2020-01-06,72.26792907714844,95.14399719238281,69.3176040649414,150.65213012695312,30.1026668548584
2020-01-07,71.92806243896484,95.34300231933594,69.1836929321289,149.27854919433594,31.270666122436523
2020-01-08,73.0851058959961,94.59850311279297,69.67613983154297,151.65631103515625,32.80933380126953
2020-01-09,74.63751220703125,95.05249786376953,70.4075927734375,153.5509490966797,32.089332580566406
2020-01-10,74.80624389648438,94.15799713134766,70.86231994628906,152.84046936035156,31.876667022705078
2020-01-13,76.40440368652344,94.56500244140625,71.41129302978516,154.6782684326172,34.990665435791016
2020-01-14,75.3727035522461,93.47200012207031,70.94316101074219,153.58880615234375,35.861331939697266
2020-01-15,75.0497055053711,93.10099792480469,71.3701400756836,154.58349609375,34.56666564941406
2020-01-16,75.98979187011719,93.89700317382812,71.91365051269531,157.41603088378906,34.232666015625
2020-01-17,76.8310775756836,93.23600006103516,73.3696060180664,158.2970428466797,34.03333282470703
2020-01-21,76.3104019165039,94.5999984741211,73.50498962402344,157.72862243652344,36.47999954223633
2020-01-22,76.58280181884766,94.37300109863281,73.58531951904297,156.97079467773438,37.97066879272461
2020-01-23,76.95160675048828,94.22899627685547,73.62596893310547,157.93704223632812,38.14666748046875
2020-01-24,76.7298355102539,93.08200073242188,72.70758056640625,156.3455047607422,37.654666900634766
2020-01-27,74.47357940673828,91.41699981689453,70.99969482421875,153.7309112548828,37.201332092285156
2020-01-28,76.58039093017578,92.6624984741211,71.93049621582031,156.7434539794922,37.793331146240234
2020-01-29,78.18339538574219,92.9000015258789,72.23794555664062,159.18748474121094,38.732666015625
2020-01-30,78.07011413574219,93.53399658203125,72.11647033691406,163.67776489257812,42.72066879272461
2020-01-31,74.60858154296875,100.43599700927734,71.0517578125,161.26210021972656,43.371334075927734
2020-02-03,74.40370178222656,100.20999908447266,73.52233123779297,165.1935577392578,52.0
2020-02-04,76.86000061035156,102.4834976196289,71.6780776977539,170.63113403320312,59.137332916259766
2020-02-05,77.48676300048828,101.99349975585938,71.70980834960938,170.42271423339844,48.97999954223633
2020-02-06,78.39310455322266,102.5114974975586,73.19356536865234,173.95620727539062,49.930667877197266
2020-02-07,77.3275375366211,103.96399688720703,73.34925842285156,174.20249938964844,49.871334075927734
2020-02-10,77.69483947753906,106.69550323486328,74.81465148925781,178.75912475585938,51.41866683959961
2020-02-11,77.22607421875,107.54000091552734,74.88407135009766,174.72354125976562,51.62533187866211
2020-02-12,79.05998992919922,108.0,75.30906677246094,174.9792938232422,51.15266799926758
2020-02-13,78.49701690673828,107.49349975585938,75.0492172241211,174.03201293945312,53.599998474121094
2020-02-14,78.51634216308594,106.74349975585938,75.31401824951172,175.58560180664062,53.33533477783203
2020-02-18,77.07865905761719,107.78350067138672,75.34923553466797,177.36654663085938,57.22666549682617
2020-02-19,78.19498443603516,108.51100158691406,75.6185073852539,177.89852905273438,61.16133117675781
2020-02-20,77.39278411865234,107.65499877929688,75.22773742675781,175.18177795410156,59.96066665649414
2020-02-21,75.6409912109375,104.79850006103516,73.56499481201172,169.64381408691406,60.06666564941406
2020-02-24,72.04801177978516,100.4645004272461,70.41104888916016,162.3295440673828,55.58599853515625
2020-02-25,69.60757446289062,98.63700103759766,68.747802734375,159.65081787109375,53.32733154296875
2020-02-26,70.71182250976562,98.97949981689453,68.95359802246094,161.64559936523438,51.91999816894531
2020-02-27,66.08950805664062,94.21499633789062,65.20854949951172,150.2562255859375,45.266666412353516
2020-02-28,66.05085754394531,94.1875,66.41358947753906,153.89437866210938,44.53266525268555
2020-03-02,72.20024871826172,97.69750213623047,68.747802734375,164.13433837890625,49.574668884277344
2020-03-03,69.9072265625,95.44950103759766,66.33770751953125,156.2691192626953,49.70066833496094
2020-03-04,73.14981842041016,98.79149627685547,68.51374053955078,162.0065460205078,49.96666717529297
2020-03-05,70.77706146240234,96.20149993896484,65.19913482666016,157.9409942626953,48.30266571044922
2020-03-06,69.83715057373047,95.05449676513672,64.25592803955078,153.47642517089844,46.89866638183594
2020-03-09,64.31356811523438,90.03050231933594,60.291194915771484,143.074951171875,40.53333282470703
2020-03-10,68.9455337524414,94.59100341796875,63.23585891723633,152.8589630126953,43.02199935913086
2020-03-11,66.55101776123047,91.04299926757812,60.04869842529297,145.9341278076172,42.28200149536133
2020-03-12,59.978797912597656,83.83049774169922,55.121910095214844,132.09397888183594,37.369998931884766
2020-03-13,67.16476440429688,89.25,60.2158203125,150.87367248535156,36.44133377075195
2020-03-16,58.52421188354492,84.4574966430664,53.21022033691406,128.63633728027344,29.67133331298828
2020-03-17,61.09751892089844,90.39199829101562,55.44474411010742,139.2278289794922,28.68000030517578
2020-03-18,59.60185623168945,91.5,54.11226272583008,133.3668975830078,24.08133316040039
2020-03-19,59.14519500732422,94.04650115966797,55.127864837646484,135.56117248535156,28.50933265686035
2020-03-20,55.39033508300781,92.30449676513672,52.97268295288086,130.4696807861328,28.50200080871582
2020-03-23,54.213600158691406,95.1415023803711,52.27445983886719,129.1682586669922,28.952667236328125
2020-03-24,59.65260314941406,97.00499725341797,56.037353515625,140.90911865234375,33.66666793823242
2020-03-25,59.323997497558594,94.29199981689453,54.62948989868164,139.56027221679688,35.95000076293945
2020-03-26,62.44578552246094,97.77449798583984,57.669368743896484,148.28990173339844,35.21066665649414
2020-03-27,59.860408782958984,95.00499725341797,55.05794906616211,142.20101928710938,34.29066848754883
2020-03-30,61.56869125366211,98.19750213623047,56.845672607421875,152.20352172851562,33.47533416748047
2020-03-31,61.443050384521484,97.48600006103516,57.62126159667969,149.80978393554688,34.93333435058594
2020-04-01,58.21009826660156,95.38500213623047,54.65329360961914,144.4903106689453,32.104000091552734
2020-04-02,59.18143081665039,95.94149780273438,55.3936767578125,147.48245239257812,30.29800033569336
2020-04-03,58.33092498779297,95.32949829101562,54.1871452331543,146.12413024902344,32.000667572021484
2020-04-06,63.4195442199707,99.87950134277344,58.67455291748047,156.99111938476562,34.41600036621094
2020-04-07,62.68501281738281,100.58000183105469,58.643310546875,155.30023193359375,36.36333465576172
2020-04-08,64.28939819335938,102.1500015258789,59.85529708862305,156.8580780029297,36.589332580566406
2020-04-09,64.75331115722656,102.13800048828125,59.83396911621094,156.86753845214844,38.20000076293945
2020-04-13,66.02428436279297,108.44349670410156,60.02440643310547,157.2190399169922,43.39666748046875
2020-04-14,69.35870361328125,114.16600036621094,62.74292755126953,164.99879455566406,47.32600021362305
2020-04-15,68.72563934326172,115.38400268554688,62.34968566894531,163.2699737548828,48.65533447265625
2020-04-16,69.27172088623047,120.40950012207031,62.35612869262695,168.17147827148438,49.680667877197266
2020-04-17,68.3318099975586,118.75,63.42578887939453,169.6533660888672,50.259334564208984
2020-04-20,66.91345977783203,119.68049621582031,62.54060363769531,166.29061889648438,49.75733184814453
2020-04-21,64.84513092041016,116.40599822998047,60.111183166503906,159.4133758544922,45.781333923339844
2020-04-22,66.7129135131836,118.17449951171875,62.404727935791016,164.8278045654297,48.807334899902344
2020-04-23,66.45437622070312,119.97250366210938,63.03749084472656,162.8329620361328,47.04199981689453
2020-04-24,68.37287139892578,120.51100158691406,63.30677032470703,165.80621337890625,48.34333419799805
2020-04-27,68.42118835449219,118.80000305175781,63.02212142944336,165.3312530517578,53.25
2020-04-28,67.31214904785156,115.7040023803711,61.124305725097656,161.3036346435547,51.27466583251953
2020-04-29,69.5230484008789,118.635498046875,66.55889129638672,168.54193115234375,53.367332458496094
2020-04-30,70.98968505859375,123.69999694824219,66.78303527832031,170.23275756835938,52.12533187866211
2020-05-01,69.84681701660156,114.302001953125,65.3260726928711,165.82518005371094,46.75466537475586
2020-05-04,70.83503723144531,115.79949951171875,65.60279083251953,169.88131713867188,50.74599838256836
2020-05-05,71.89820861816406,115.88999938964844,66.8980941772461,171.7051239013672,51.2140007019043
2020-05-06,72.63999938964844,117.56300354003906,66.72004699707031,173.39596557617188,52.172000885009766
2020-05-07,73.3914566040039,118.38050079345703,67.90277862548828,174.40286254882812,52.00266647338867
2020-05-08,75.1383056640625,118.98049926757812,68.64960479736328,175.4287567138672,54.62799835205078
2020-05-11,76.32062530517578,120.44999694824219,69.60420989990234,177.38555908203125,54.08599853515625
2020-05-12,75.44841766357422,117.84750366210938,68.19536590576172,173.36744689941406,53.96066665649414
2020-05-13,74.53743743896484,118.39600372314453,66.8638687133789,170.74571228027344,52.73066711425781
2020-05-14,74.995361328125,119.44249725341797,67.2868881225586,171.48663330078125,53.55533218383789
2020-05-15,74.5519790649414,120.48899841308594,68.09024810791016,173.98487854003906,53.27799987792969
2020-05-18,76.30850982666016,121.31300354003906,68.69126892089844,175.64723205566406,54.242000579833984
2020-05-19,75.86756896972656,122.46649932861328,68.15669250488281,174.4313507080078,53.867332458496094
2020-05-20,77.3430404663086,124.89700317382812,69.88044738769531,176.850830078125,54.37066650390625
2020-05-21,76.76641845703125,122.33699798583984,69.76093292236328,174.72662353515625,55.17333221435547
2020-05-22,77.26065826416016,121.84400177001953,70.08277130126953,174.80284118652344,54.45866775512695
2020-05-26,76.73735046386719,121.09300231933594,70.48593139648438,172.95489501953125,54.591331481933594
2020-05-27,77.0716781616211,120.51950073242188,70.43187713623047,173.18348693847656,54.68199920654297
2020-05-28,77.1056137084961,120.05500030517578,70.33071899414062,172.79293823242188,53.72066879272461
2020-05-29,77.03050231933594,122.11849975585938,71.08846282958984,174.5552215576172,55.66666793823242
2020-06-01,77.97781372070312,123.552001953125,71.1553955078125,174.15512084960938,59.87333297729492
2020-06-02,78.33879852294922,123.62049865722656,71.52436828613281,176.13644409179688,58.770668029785156
2020-06-03,78.77005004882812,123.91999816894531,71.37259674072266,176.5650634765625,58.86399841308594
2020-06-04,78.0916748046875,123.02999877929688,70.13534545898438,174.24081420898438,57.62533187866211
2020-06-05,80.31581115722656,124.1500015258789,71.41079711914062,178.3177490234375,59.04399871826172
2020-06-08,80.7906723022461,126.2030029296875,71.80850219726562,179.42274475097656,63.327999114990234
2020-06-09,83.34187316894531,130.04299926757812,72.00885772705078,180.79440307617188,62.711334228515625
2020-06-10,85.48606872558594,132.37249755859375,72.63468170166016,187.50035095214844,68.336669921875
2020-06-11,81.38185119628906,127.89800262451172,69.52041625976562,177.43186950683594,64.85600280761719
2020-06-12,82.08448791503906,127.2509994506836,70.06690216064453,178.83216857910156,62.35200119018555
2020-06-15,83.09960174560547,128.63400268554688,70.45469665527344,179.97518920898438,66.05999755859375
2020-06-16,85.30192565917969,130.7635040283203,71.73065185546875,184.38551330566406,65.47533416748047
2020-06-17,85.18321990966797,132.0489959716797,72.03166198730469,185.0237274169922,66.11933135986328
2020-06-18,85.21715545654297,132.69900512695312,71.11820983886719,187.0050506591797,66.9306640625
2020-06-19,84.73015594482422,133.75050354003906,70.6480941772461,185.89053344726562,66.72666931152344
2020-06-22,86.94700622558594,135.6909942626953,71.93842315673828,191.0533905029297,66.28800201416016
2020-06-23,88.80289459228516,138.2205047607422,72.5989761352539,192.329833984375,66.78533172607422
2020-06-24,87.2353286743164,136.72000122070312,71.04779052734375,188.4529266357422,64.0566635131836
2020-06-25,88.39344024658203,137.72900390625,71.46435546875,190.83428955078125,65.73200225830078
2020-06-26,85.6774673461914,134.64349365234375,67.56854248046875,187.01455688476562,63.982666015625
2020-06-29,87.65205383300781,134.0189971923828,69.28585052490234,189.0244598388672,67.29000091552734
2020-06-30,88.38375091552734,137.9409942626953,70.32130432128906,193.85391235351562,71.98733520507812
2020-07-01,88.21656036376953,143.93499755859375,71.50897216796875,194.9874267578125,74.64199829101562
2020-07-02,88.21656036376953,144.51499938964844,72.89403533935547,196.473388671875,80.57733154296875
2020-07-06,90.57637023925781,152.8520050048828,74.36785888671875,200.70274353027344,91.43866729736328
2020-07-07,90.29533386230469,150.00599670410156,73.88533020019531,198.3689422607422,92.65733337402344
2020-07-08,92.39830780029297,154.0554962158203,74.56372833251953,202.731689453125,91.05867004394531
2020-07-09,92.795654296875,159.13150024414062,75.31056213378906,204.15101623535156,92.9520034790039
2020-07-10,92.95796966552734,160.0,76.31971740722656,203.5318145751953,102.97666931152344
2020-07-13,92.52913665771484,155.1999969482422,74.99169921875,197.2449951171875,99.80400085449219
2020-07-14,94.06037139892578,154.1999969482422,75.4196548461914,198.46426391601562,101.12000274658203
2020-07-15,94.7072525024414,150.44349670410156,75.2222900390625,198.16893005371094,103.06732940673828
2020-07-16,93.54187774658203,149.9949951171875,75.12510681152344,194.24441528320312,100.04266357421875
2020-07-17,93.35289764404297,148.09849548339844,75.2208023071289,193.2537841796875,100.05599975585938
2020-07-20,95.32020568847656,159.8419952392578,77.55104064941406,201.5600128173828,109.53333282470703
2020-07-21,94.00463104248047,156.9145050048828,77.15829467773438,198.84523010253906,104.55733489990234
2020-07-22,94.26873779296875,154.99549865722656,77.60112762451172,201.70289611816406,106.15533447265625
2020-07-23,89.97794342041016,149.32749938964844,75.2158432006836,192.9298858642578,100.87133026123047
2020-07-24,89.75505065917969,150.44549560546875,74.79234313964844,191.74874877929688,94.46666717529297
2020-07-27,91.88225555419922,152.760498046875,75.84465026855469,194.17776489257812,102.63999938964844
2020-07-28,90.37287902832031,150.01649475097656,74.56622314453125,192.43460083007812,98.43267059326172
2020-07-29,92.10517120361328,151.67649841308594,75.55107116699219,194.37779235839844,99.94066619873047
2020-07-30,93.21965789794922,152.593994140625,76.28799438476562,194.22537231445312,99.16600036621094
2020-07-31,102.97868347167969,158.23399353027344,73.78765106201172,195.28273010253906,95.38400268554688
2020-08-03,105.5735092163086,155.59449768066406,73.53028106689453,206.26564025878906,99.0
2020-08-04,106.27853393554688,156.94149780273438,73.06114959716797,203.16983032226562,99.13333129882812
2020-08-05,106.66378784179688,160.25149536132812,73.3482666015625,202.8364715576172,99.00133514404297
2020-08-06,110.38518524169922,161.25,74.63067626953125,206.0846405029297,99.30533599853516
2020-08-07,107.87548828125,158.3730010986328,74.30436706542969,202.3983154296875,96.84733581542969
2020-08-10,109.44343566894531,157.4080047607422,74.2275161743164,198.3689422607422,94.57133483886719
2020-08-11,106.18860626220703,154.0334930419922,73.42017364501953,193.73008728027344,91.6259994506836
2020-08-12,109.71771240234375,158.11199951171875,74.7442398071289,199.264404296875,103.65066528320312
2020-08-13,111.65943908691406,158.05099487304688,75.21088409423828,198.7976531982422,108.06666564941406
2020-08-14,111.55992126464844,157.4010009765625,74.61480712890625,198.98814392089844,110.04733276367188
2020-08-17,111.26866912841797,159.12049865722656,75.19054412841797,200.30267333984375,122.3759994506836
2020-08-18,112.19584655761719,165.62449645996094,77.15135192871094,201.45526123046875,125.80599975585938
2020-08-19,112.33663177490234,163.0240020751953,76.59741973876953,200.23301696777344,125.23533630371094
2020-08-20,114.82933807373047,164.86849975585938,78.16645050048828,204.89273071289062,133.45533752441406
2020-08-21,120.74677276611328,164.23599243164062,78.13272857666016,203.40316772460938,136.6653289794922
2020-08-24,122.19093322753906,165.3730010986328,78.60780334472656,204.0429229736328,134.27999877929688
2020-08-25,121.18852233886719,167.32449340820312,79.63433837890625,206.69741821289062,134.8893280029297
2020-08-26,122.83656311035156,172.09249877929688,81.53262329101562,211.16616821289062,143.54466247558594
2020-08-27,121.36813354492188,170.0,80.75852966308594,216.35101318359375,149.25
2020-08-28,121.1715087890625,170.08999633789062,81.29954528808594,218.57582092285156,147.55999755859375
2020-08-31,125.28070068359375,172.54800415039062,80.80862426757812,215.34840393066406,166.10667419433594
2020-09-01,130.27098083496094,174.95599365234375,82.07564544677734,217.00985717773438,158.35000610351562
2020-09-02,127.57192993164062,176.57249450683594,85.16561126708984,221.19210815429688,149.1233367919922
2020-09-03,117.35844421386719,168.39999389648438,80.80763244628906,207.48992919921875,135.6666717529297
2020-09-04,117.43611145019531,164.7310028076172,78.41242218017578,204.57762145996094,139.44000244140625
2020-09-08,109.53324127197266,157.49200439453125,75.55553436279297,193.51089477539062,110.06999969482422
2020-09-09,113.90214538574219,163.4304962158203,76.72735595703125,201.75123596191406,122.09333038330078
2020-09-10,110.18372344970703,158.7554931640625,75.67703247070312,196.09852600097656,123.77999877929688
2020-09-11,108.73712921142578,155.81100463867188,75.166748046875,194.8190460205078,124.23999786376953
2020-09-14,111.99925231933594,155.14849853515625,74.82308197021484,196.13671875,139.8733367919922
2020-09-15,112.17399597167969,157.80650329589844,76.12680053710938,199.35455322265625,149.9199981689453
2020-09-16,108.86334228515625,153.90499877929688,74.98474884033203,195.79296875,147.25332641601562
2020-09-17,107.12548828125,150.43649291992188,73.74250793457031,193.7495880126953,141.14332580566406
2020-09-18,103.72747039794922,147.74549865722656,71.95974731445312,191.34332275390625,147.38333129882812
2020-09-21,106.8730697631836,148.02349853515625,70.92083740234375,193.39627075195312,149.79666137695312
2020-09-22,108.55264282226562,156.44949340820312,72.39268493652344,198.0559539794922,141.41000366210938
2020-09-23,103.99930572509766,149.9929962158203,69.89183044433594,191.53431701660156,126.78666687011719
2020-09-24,105.0672607421875,150.989501953125,70.55982208251953,194.01695251464844,129.26333618164062
2020-09-25,109.00897216796875,154.75650024414062,71.36319732666016,198.4379425048828,135.77999877929688
2020-09-28,111.61090087890625,158.70249938964844,72.33515167236328,199.98480224609375,140.39999389648438
2020-09-29,110.76625061035156,157.24400329589844,72.70013427734375,197.9031982421875,139.69000244140625
2020-09-30,112.4361343383789,157.43649291992188,72.67930603027344,200.83460998535156,143.00332641601562
2020-10-01,113.3875961303711,161.06300354003906,73.78515625,202.8684539794922,149.3866729736328
2020-10-02,109.7273941040039,156.25,72.18340301513672,196.8815155029297,138.3633270263672
2020-10-05,113.10604858398438,159.9600067138672,73.53374481201172,200.88235473632812,141.89332580566406
2020-10-06,109.86335754394531,154.9980010986328,71.95629119873047,196.61416625976562,137.9933319091797
2020-10-07,111.72740936279297,159.7845001220703,72.35895538330078,200.35716247558594,141.76666259765625
2020-10-08,111.62060546875,159.52749633789062,73.56350708007812,201.07333374023438,141.97332763671875
2020-10-09,113.5623550415039,164.33250427246094,74.9034194946289,206.0671844482422,144.6666717529297
2020-10-12,120.77587890625,172.14649963378906,77.5882339477539,211.40481567382812,147.43333435058594
2020-10-13,117.57203674316406,172.18150329589844,77.71121215820312,212.79893493652344,148.88333129882812
2020-10-14,117.659423828125,168.1855010986328,77.53120422363281,210.8892822265625,153.76666259765625
2020-10-15,117.1933822631836,166.9324951171875,77.13597106933594,209.743408203125,149.6266632080078
2020-10-16,115.55261993408203,163.635498046875,77.7424545288086,209.743408203125,146.55667114257812
2020-10-19,112.60120391845703,160.36050415039062,75.87043762207031,204.5489959716797,143.61000061035156
2020-10-20,114.08662414550781,160.85049438476562,76.91827392578125,204.95953369140625,140.64666748046875
2020-10-21,113.46525573730469,159.2469940185547,78.64945983886719,205.10279846191406,140.8800048828125
2020-10-22,112.37789916992188,158.82000732421875,79.67448425292969,205.18873596191406,141.92999267578125
2020-10-23,111.6885757446289,160.22000122070312,80.97970581054688,206.46823120117188,140.2100067138672
2020-10-26,111.69829559326172,160.3520050048828,78.56515502929688,200.59591674804688,140.0933380126953
2020-10-27,113.20313262939453,164.31649780273438,79.28868103027344,203.62277221679688,141.55999755859375
2020-10-28,107.9604263305664,158.13900756835938,74.9207763671875,193.52996826171875,135.33999633789062
2020-10-29,111.9604263305664,160.55050659179688,77.2059097290039,195.47789001464844,136.94332885742188
2020-10-30,105.68862915039062,151.8074951171875,80.14310455322266,193.3294677734375,129.34666442871094
2020-11-02,105.60121154785156,150.2239990234375,80.55026245117188,193.1957244873047,133.50332641601562
2020-11-03,107.22259521484375,152.42050170898438,81.60850524902344,197.11068725585938,141.3000030517578
2020-11-04,111.60120391845703,162.05799865722656,86.57694244384766,206.6210479736328,140.32666015625
2020-11-05,115.56233978271484,166.10000610351562,87.40262603759766,213.20956420898438,146.02999877929688
2020-11-06,115.43104553222656,165.56849670410156,87.26525115966797,213.6201171875,143.31666564941406
2020-11-09,113.1261215209961,157.18699645996094,87.34905242919922,208.53073120117188,140.4199981689453
2020-11-10,112.78572845458984,151.75100708007812,86.17378234863281,201.48390197753906,136.7866668701172
2020-11-11,116.20906829833984,156.8695068359375,86.6453857421875,206.77381896972656,139.0433349609375
2020-11-12,115.93678283691406,155.51400756835938,86.42668914794922,205.71392822265625,137.25332641601562
2020-11-13,115.98538970947266,156.4405059814453,87.8866195678711,206.73556518554688,136.1666717529297
2020-11-16,116.99684143066406,156.55299377441406,87.97439575195312,207.42311096191406,136.02999877929688
2020-11-17,116.11180877685547,156.7830047607422,87.3609619140625,204.7781524658203,147.20333862304688
2020-11-18,114.7891616821289,155.2729949951172,86.3185806274414,202.0784454345703,162.2133331298828
2020-11-19,115.38241577148438,155.8509979248047,87.20772552490234,203.36126708984375,166.42333984375
2020-11-20,114.11809539794922,154.97000122070312,86.10733032226562,201.41787719726562,163.20333862304688
2020-11-23,110.72393798828125,154.91949462890625,85.66993713378906,201.1497802734375,173.9499969482422
2020-11-24,112.00770568847656,155.9029998779297,87.47205352783203,204.7398681640625,185.1266632080078
2020-11-25,112.84407043457031,159.2534942626953,87.48345184326172,204.7494354248047,191.3333282470703
2020-11-27,113.38867950439453,159.76699829101562,88.61856842041016,206.0514373779297,195.25332641601562
2020-11-30,115.78117370605469,158.40199279785156,87.00093078613281,204.94091796875,189.1999969482422
2020-12-01,119.35037994384766,161.00399780273438,89.03214263916016,206.9896240234375,194.9199981689453
2020-12-02,119.70050811767578,160.17649841308594,90.5005111694336,206.18544006347656,189.60667419433594
2020-12-03,119.56436157226562,159.3365020751953,90.34529876708984,205.10365295410156,197.7933349609375
2020-12-04,118.8932876586914,158.12899780273438,90.44050598144531,205.21853637695312,199.67999267578125
2020-12-07,120.35209655761719,157.89999389648438,90.10678100585938,205.15151977539062,213.9199981689453
2020-12-08,120.96481323242188,158.864501953125,89.8240966796875,206.79820251464844,216.6266632080078
2020-12-09,118.43620300292969,155.2100067138672,88.16432189941406,202.76773071289062,201.4933319091797
2020-12-10,119.85611724853516,155.07449340820312,87.65801239013672,201.5422821044922,209.02333068847656
2020-12-11,119.04890441894531,155.8209991455078,88.0125732421875,204.16543579101562,203.3300018310547
2020-12-14,118.43620300292969,157.84849548339844,86.89481353759766,205.06539916992188,213.27667236328125
2020-12-15,124.36870574951172,158.25599670410156,87.33219909667969,204.9983367919922,211.0833282470703
2020-12-16,124.3006362915039,162.04800415039062,87.13928985595703,209.9287567138672,207.58999633789062
2020-12-17,125.16619110107422,161.8040008544922,86.3121337890625,210.06275939941406,218.63333129882812
2020-12-18,123.18220520019531,160.08250427246094,85.60348510742188,209.2681427001953,231.6666717529297
2020-12-21,124.70909881591797,160.3090057373047,86.01705932617188,213.0975799560547,216.6199951171875
2020-12-22,128.25889587402344,160.3260040283203,85.30594635009766,214.3899688720703,213.44667053222656
2020-12-23,127.3641357421875,159.2635040283203,85.70317077636719,211.5945281982422,215.32666015625
2020-12-24,128.3463897705078,158.63450622558594,85.99722290039062,213.25076293945312,220.58999633789062
2020-12-28,132.9368133544922,164.197998046875,87.97091674804688,215.36651611328125,221.22999572753906
2020-12-29,131.1667938232422,166.10000610351562,87.16755676269531,214.59103393554688,221.99667358398438
2020-12-30,130.04833984375,164.29249572753906,86.10089111328125,212.22640991210938,231.5933380126953
2020-12-31,129.04664611816406,162.84649658203125,86.91365814208984,212.93482971191406,235.22332763671875
2021-01-04,125.8567123413086,159.3314971923828,85.59903717041016,208.4065704345703,243.2566680908203
2021-01-05,127.41275787353516,160.92550659179688,86.28931427001953,208.6075897216797,245.0366668701172
2021-01-06,123.12384033203125,156.91900634765625,85.43785858154297,203.19851684570312,251.9933319091797
2021-01-07,127.3252182006836,158.10800170898438,87.98976135253906,208.9809112548828,272.0133361816406
2021-01-08,128.42420959472656,159.13499450683594,89.15463256835938,210.25424194335938,293.3399963378906
2021-01-11,125.4384994506836,155.7104949951172,87.09465789794922,208.215087890625,270.39666748046875
2021-01-12,125.263427734375,156.04150390625,86.15938568115234,205.7642364501953,283.14666748046875
2021-01-13,127.29605865478516,158.29449462890625,86.64636993408203,207.11412048339844,284.8033447265625
2021-01-14,125.37042236328125,156.37350463867188,85.83656311035156,203.9356689453125,281.6666564941406
2021-01-15,123.64900970458984,155.21249389648438,85.67290496826172,203.58145141601562,275.38665771484375
2021-01-19,124.32007598876953,156.03799438476562,88.49211120605469,207.20985412597656,281.51666259765625
2021-01-20,128.40475463867188,163.16900634765625,93.23294067382812,214.77293395996094,283.48333740234375
2021-01-21,133.11184692382812,165.34950256347656,93.43526458740234,215.37606811523438,281.663330078125
2021-01-22,135.25148010253906,164.6114959716797,93.85231018066406,216.31431579589844,282.21331787109375
2021-01-25,138.99575805664062,164.6999969482422,93.9375991821289,219.74159240722656,293.6000061035156
2021-01-26,139.22915649414062,166.30650329589844,94.61550903320312,222.42221069335938,294.36334228515625
2021-01-27,138.15936279296875,161.62899780273438,90.20148468017578,222.96791076660156,288.0533447265625
2021-01-28,133.3258056640625,161.88099670410156,91.90045166015625,228.7407684326172,278.4766540527344
2021-01-29,128.33670043945312,160.30999755859375,90.6190414428711,222.06797790527344,264.510009765625
2021-02-01,130.456787109375,167.1439971923828,93.87760925292969,229.4300079345703,279.9366760253906
2021-02-02,131.2834930419922,169.0,95.16944122314453,229.29600524902344,290.92999267578125
2021-02-03,130.2623291015625,165.62649536132812,102.10013580322266,232.63717651367188,284.89666748046875
2021-02-04,133.61756896972656,166.5500030517578,101.83979797363281,231.6894073486328,283.3299865722656
2021-02-05,133.20364379882812,167.6074981689453,103.58537292480469,231.87132263183594,284.07666015625
2021-02-08,133.34974670410156,166.14700317382812,103.37163543701172,232.1298065185547,287.8066711425781
2021-02-09,132.4730987548828,165.25,102.91887664794922,233.37435913085938,283.1533203125
2021-02-10,131.86924743652344,164.32899475097656,103.46882629394531,232.4648895263672,268.2733459472656
2021-02-11,131.61602783203125,163.10650634765625,103.5813980102539,234.0636444091797,270.5533447265625
2021-02-12,131.84979248046875,163.885498046875,103.89282989501953,234.54229736328125,272.0400085449219
2021-02-16,129.72645568847656,163.44749450683594,104.66989135742188,233.30734252929688,265.40667724609375
2021-02-17,127.43759155273438,165.4320068359375,105.06265258789062,234.324462890625,266.04998779296875
2021-02-18,126.33698272705078,166.4114990234375,104.42740631103516,233.9310302734375,262.4599914550781
2021-02-19,126.4927978515625,162.4949951171875,103.5843734741211,231.22506713867188,260.4333190917969
2021-02-22,122.72343444824219,159.03700256347656,101.87104797363281,225.0263671875,238.1666717529297
2021-02-23,122.58708953857422,159.72500610351562,102.16163635253906,223.8365020751953,232.94667053222656
2021-02-24,122.09033966064453,157.97650146484375,103.33641815185547,225.06472778320312,247.33999633789062
2021-02-25,117.84371948242188,152.85800170898438,99.97124481201172,219.7295379638672,227.4066619873047
2021-02-26,118.10669708251953,154.64649963378906,100.26679229736328,222.9824676513672,225.1666717529297
2021-03-01,124.4668960571289,157.3070068359375,102.63472747802734,227.3580780029297,239.47666931152344
2021-03-02,121.86632537841797,154.72650146484375,102.37783813476562,224.41221618652344,228.81333923339844
2021-03-03,118.88590240478516,150.25,99.74610137939453,218.357421875,217.73333740234375
2021-03-04,117.006103515625,148.8784942626953,100.86286926269531,217.56092834472656,207.14666748046875
2021-03-05,118.26253509521484,150.0229949951172,103.99398803710938,222.23397827148438,199.31666564941406
2021-03-08,113.33411407470703,147.59750366210938,99.55220031738281,218.1942596435547,187.6666717529297
2021-03-09,117.94110107421875,153.1425018310547,101.18173217773438,224.32583618164062,224.52667236328125
2021-03-10,116.8599853515625,152.8820037841797,100.9749526977539,223.02084350585938,222.68666076660156
2021-03-11,118.78848266601562,155.67950439453125,104.16606903076172,227.5404052734375,233.1999969482422
2021-03-12,117.88268280029297,154.47450256347656,101.65978240966797,226.2161865234375,231.2433319091797
2021-03-15,120.76571655273438,154.08399963378906,101.87995910644531,225.31419372558594,235.97999572753906
2021-03-16,122.30464935302734,154.59300231933594,103.34040069580078,228.09690856933594,225.6266632080078
2021-03-17,121.51570129394531,156.7864990234375,103.25757598876953,227.45401000976562,233.93666076660156
2021-03-18,117.39568328857422,151.39950561523438,100.23853302001953,221.38958740234375,217.72000122070312
2021-03-19,116.8697509765625,153.7480010986328,100.51722717285156,221.03453063964844,218.2899932861328
2021-03-22,120.1812973022461,155.5435028076172,100.70219421386719,226.44642639160156,223.3333282470703
2021-03-23,119.3534164428711,156.875,101.22982788085938,227.97216796875,220.72000122070312
2021-03-24,116.96711730957031,154.35350036621094,100.79344177246094,225.9379119873047,210.08999633789062
2021-03-25,117.45410919189453,152.31300354003906,100.78997802734375,222.94410705566406,213.4633331298828
2021-03-26,118.0580062866211,152.60150146484375,100.40664672851562,226.9166259765625,206.23666381835938
2021-03-29,118.23332214355469,153.7864990234375,101.45101165771484,225.726806640625,203.76333618164062
2021-03-30,116.78206634521484,152.76449584960938,101.4847183227539,222.4739227294922,211.8733367919922
2021-03-31,118.97354125976562,154.70399475097656,102.28064727783203,226.23536682128906,222.64332580566406
2021-04-01,119.80146026611328,158.0500030517578,105.6160659790039,232.54930114746094,220.5833282470703
2021-04-05,122.62604522705078,161.3365020751953,110.03852081298828,238.99752807617188,230.35000610351562
2021-04-06,122.92798614501953,161.1909942626953,109.55751037597656,237.83648681640625,230.5399932861328
2021-04-07,124.57403564453125,163.96949768066406,111.03380584716797,239.7939453125,223.6566619873047
2021-04-08,126.97006225585938,164.96499633789062,111.59912109375,243.00845336914062,227.93333435058594
2021-04-09,129.54136657714844,168.61000061035156,112.60283660888672,245.50331115722656,225.67333984375
2021-04-12,127.82720947265625,168.96949768066406,111.3110122680664,245.56089782714844,233.9933319091797
2021-04-13,130.93418884277344,170.0,111.79750061035156,248.0365447998047,254.10667419433594
2021-04-14,128.5966339111328,166.64999389648438,111.17662811279297,245.25379943847656,244.07666015625
2021-04-15,131.00238037109375,168.95449829101562,113.32586669921875,249.00575256347656,246.28334045410156
2021-04-16,130.67123413085938,169.9720001220703,113.20188903808594,250.19557189941406,246.5933380126953
2021-04-19,131.33358764648438,168.60049438476562,113.54951477050781,248.2764892578125,238.2100067138672
2021-04-20,129.64859008789062,166.7344970703125,113.01641845703125,247.8158416748047,239.663330078125
2021-04-21,130.0283966064453,168.1009979248047,112.98368835449219,250.04202270507812,248.0399932861328
2021-04-22,128.50894165039062,165.45199584960938,111.70278930664062,246.76998901367188,239.89666748046875
2021-04-23,130.82708740234375,167.04400634765625,114.05384826660156,250.5890350341797,243.13333129882812
2021-04-26,131.2166748046875,170.4499969482422,114.54975128173828,250.97283935546875,246.06666564941406
2021-04-27,130.89524841308594,170.8715057373047,113.61001586914062,251.3758087158203,234.913330078125
2021-04-28,130.1063232421875,172.9250030517578,116.98512268066406,244.2655029296875,231.46665954589844
2021-04-29,130.0089111328125,173.5655059814453,118.65729522705078,242.2983856201172,225.6666717529297
2021-04-30,128.04141235351562,173.37100219726562,116.71038818359375,241.98171997070312,236.47999572753906
2021-05-03,129.09335327148438,169.32449340820312,116.19366455078125,241.67469787597656,228.3000030517578
2021-05-04,124.52532958984375,165.593505859375,114.39601135253906,237.76927185058594,224.53334045410156
2021-05-05,124.76883697509766,163.52699279785156,114.78976440429688,236.50265502929688,223.64666748046875
2021-05-06,126.36616516113281,165.31849670410156,115.90951538085938,239.63079833984375,221.17999267578125
2021-05-07,127.0394058227539,164.58050537109375,116.63253784179688,242.2504425048828,224.1233367919922
2021-05-10,123.76119232177734,159.52450561523438,113.64820098876953,237.18394470214844,209.67999267578125
2021-05-11,122.84410095214844,161.19549560546875,112.57259368896484,236.27235412597656,205.73333740234375
2021-05-12,119.78054809570312,157.5970001220703,109.1106948852539,229.3347625732422,196.6300048828125
2021-05-13,121.92696380615234,158.07350158691406,110.53840637207031,233.20176696777344,190.56333923339844
2021-05-14,124.34659576416016,161.14500427246094,112.98518371582031,238.11468505859375,196.5800018310547
2021-05-17,123.1953353881836,163.51950073242188,113.50785827636719,235.2648468017578,192.27667236328125
2021-05-18,121.80989837646484,161.61399841308594,112.19619750976562,233.24974060058594,192.6233367919922
2021-05-19,121.65380096435547,161.58999633789062,112.64399719238281,233.82684326171875,187.82000732421875
2021-05-20,124.20999145507812,162.38400268554688,114.40196990966797,237.05836486816406,195.5933380126953
2021-05-21,122.37578582763672,160.1540069580078,113.76622009277344,235.79844665527344,193.6266632080078
2021-05-24,124.0051040649414,162.24949645996094,117.08430480957031,241.19403076171875,202.14666748046875
2021-05-25,123.80997467041016,162.95249938964844,117.175048828125,242.09808349609375,201.56333923339844
2021-05-26,123.76119232177734,163.25799560546875,118.0398941040039,241.87689208984375,206.3766632080078
2021-05-27,122.22942352294922,161.5054931640625,117.16564178466797,239.78018188476562,210.28334045410156
2021-05-28,121.57572937011719,161.15350341796875,116.87652587890625,240.13601684570312,208.4066619873047
2021-06-01,121.2537841796875,160.9324951171875,118.08303833007812,237.94320678710938,207.96665954589844
2021-06-02,122.0147705078125,161.69949340820312,117.55789184570312,237.8470458984375,201.7066650390625
2021-06-03,120.53178405761719,159.35049438476562,116.41680908203125,236.3178253173828,190.94667053222656
2021-06-04,122.82459259033203,160.31100463867188,118.69745635986328,241.20364379882812,199.68333435058594
2021-06-07,122.8343276977539,159.90049743652344,119.13037872314453,244.1082305908203,201.7100067138672
2021-06-08,123.65386962890625,163.20550537109375,118.93897247314453,242.9156036376953,201.19667053222656
2021-06-09,124.03438568115234,164.0574951171875,119.41008758544922,243.89659118652344,199.5933380126953
2021-06-10,123.03921508789062,167.4824981689453,120.75843811035156,247.40707397460938,203.3733367919922
2021-06-11,124.24901580810547,167.3415069580078,120.51396179199219,248.03224182128906,203.29666137695312
2021-06-14,127.30281066894531,169.19349670410156,121.44178771972656,249.95579528808594,205.89666748046875
2021-06-15,126.48326110839844,169.156494140625,120.4241943359375,248.48426818847656,199.7866668701172
2021-06-16,126.9808120727539,170.7624969482422,119.78250122070312,247.54171752929688,201.6233367919922
2021-06-17,128.5808868408203,174.46200561523438,120.74555206298828,250.9272003173828,205.53334045410156
2021-06-18,127.28330993652344,174.34500122070312,119.12641906738281,249.5133514404297,207.77000427246094
2021-06-21,129.07852172851562,172.697998046875,120.81398010253906,252.59109497070312,206.94332885742188
2021-06-22,130.7176055908203,175.27200317382812,121.3277359008789,255.36093139648438,207.90333557128906
2021-06-23,130.44442749023438,175.1909942626953,121.12589263916016,255.1301727294922,218.85667419433594
2021-06-24,130.16143798828125,172.45399475097656,121.49583435058594,256.4958801269531,226.60667419433594
2021-06-25,129.8687744140625,170.072998046875,121.50426483154297,254.88975524902344,223.9566650390625
2021-06-28,131.49810791015625,172.1945037841797,121.53154754638672,258.4482421875,229.57333374023438
2021-06-29,133.01034545898438,172.40699768066406,121.27020263671875,261.0257873535156,226.9199981689453
2021-06-30,133.6250457763672,172.00799560546875,121.08871459960938,260.5449523925781,226.56666564941406
2021-07-01,133.9274444580078,171.64849853515625,121.4407958984375,261.2181396484375,225.97332763671875
2021-07-02,136.55198669433594,175.5489959716797,124.23074340820312,267.03692626953125,226.3000030517578
2021-07-06,138.5618133544922,183.78700256347656,125.15558624267578,267.04656982421875,219.86000061035156
2021-07-07,141.0497283935547,184.82899475097656,125.437255859375,269.2297668457031,214.88333129882812
2021-07-08,139.75209045410156,186.57049560546875,124.01899719238281,266.8157043457031,217.60333251953125
2021-07-09,141.5765838623047,185.9669952392578,124.48959350585938,267.3158874511719,218.98333740234375
2021-07-12,140.98143005371094,185.92750549316406,125.93464660644531,266.71954345703125,228.56666564941406
2021-07-13,142.0936279296875,183.8679962158203,126.29764556884766,270.2395935058594,222.84666442871094
2021-07-14,145.5181427001953,184.08399963378906,127.1858139038086,271.7111511230469,217.7933349609375
2021-07-15,144.86448669433594,181.55999755859375,125.96390533447266,270.2876892089844,216.86666870117188
2021-07-16,142.8253936767578,178.68150329589844,125.92918395996094,270.01849365234375,214.74000549316406
2021-07-19,138.9813232421875,177.47950744628906,123.55681610107422,266.42138671875,215.4066619873047
2021-07-20,142.59124755859375,178.6595001220703,125.17493438720703,268.6430969238281,220.1666717529297
2021-07-21,141.85948181152344,179.25999450683594,126.50345611572266,270.6435852050781,218.42999267578125
2021-07-22,143.22540283203125,181.90150451660156,127.3687973022461,275.2024230957031,216.4199981689453
2021-07-23,144.9425506591797,182.83200073242188,131.9246368408203,278.5975036621094,214.4600067138672
2021-07-26,145.36212158203125,184.99099731445312,132.93629455566406,278.0011291503906,219.2066650390625
2021-07-27,143.19613647460938,181.3195037841797,130.81875610351562,275.5870056152344,214.92666625976562
2021-07-28,141.4497528076172,181.51600646972656,134.9783935546875,275.279296875,215.66000366210938
2021-07-29,142.0936279296875,179.99600219726562,134.6645050048828,275.5486755371094,225.78334045410156
2021-07-30,142.308349609375,166.37950134277344,133.6221466064453,274.01934814453125,229.06666564941406
2021-08-02,141.97659301757812,166.57400512695312,133.7490692138672,273.932861328125,236.55667114257812
2021-08-03,143.7717742919922,168.31199645996094,134.51820373535156,276.14495849609375,236.5800018310547
2021-08-04,143.3717498779297,167.73599243164062,134.0178680419922,275.5582580566406,236.97332763671875
2021-08-05,143.4790802001953,168.79949951171875,135.13461303710938,278.4532470703125,238.2100067138672
2021-08-06,142.7950897216797,167.2469940185547,134.62582397460938,278.3954772949219,233.03334045410156
2021-08-09,142.7462615966797,167.093505859375,135.79067993164062,277.30865478515625,237.9199981689453
2021-08-10,142.2675018310547,166.03399658203125,135.68556213378906,275.4909362792969,236.663330078125
2021-08-11,142.52154541015625,164.60549926757812,135.16188049316406,275.9814147949219,235.94000244140625
2021-08-12,145.482177734375,165.1750030517578,136.06936645507812,278.7321472167969,240.75
2021-08-13,145.6873779296875,164.69850158691406,136.5985107421875,281.6559143066406,239.05667114257812
2021-08-16,147.66111755371094,164.94949340820312,137.1757354736328,283.3390197753906,228.72332763671875
2021-08-17,146.75244140625,162.09800720214844,135.541259765625,281.8771057128906,221.90333557128906
2021-08-18,143.0100860595703,160.06100463867188,134.3386993408203,280.1522521972656,229.663330078125
2021-08-19,143.34230041503906,159.3874969482422,134.56777954101562,285.97247314453125,224.49000549316406
2021-08-20,144.79818725585938,159.99749755859375,136.30294799804688,293.2862854003906,226.75332641601562
2021-08-23,146.28338623046875,163.2935028076172,138.89352416992188,293.5657043457031,235.43333435058594
2021-08-24,146.1954345703125,165.28900146484375,140.10354614257812,291.6095886230469,236.163330078125
2021-08-25,144.96429443359375,164.95899963378906,140.91432189941406,291.02178955078125,237.06666564941406
2021-08-26,144.16305541992188,165.8000030517578,140.2810821533203,288.20806884765625,233.72000122070312
2021-08-27,145.1988067626953,167.48150634765625,142.82357788085938,288.815185546875,237.30667114257812
2021-08-30,149.6153106689453,171.07850646972656,143.40525817871094,292.5442810058594,243.6366729736328
2021-08-31,148.35488891601562,173.5395050048828,143.5113525390625,290.8966064453125,245.24000549316406
2021-09-01,149.0193328857422,173.9499969482422,144.02511596679688,290.8484191894531,244.69667053222656
2021-09-02,150.1332244873047,173.156005859375,142.11244201660156,290.1932067871094,244.1300048828125
2021-09-03,150.76834106445312,173.90249633789062,142.5612030029297,290.1834716796875,244.52333068847656
2021-09-07,153.10362243652344,175.46449279785156,143.09779357910156,289.25848388671875,250.97332763671875
2021-09-08,151.559814453125,176.27499389648438,142.5131378173828,289.2873229980469,251.2899932861328
2021-09-09,150.54359436035156,174.20799255371094,142.3643798828125,286.43499755859375,251.6199951171875
2021-09-10,145.56033325195312,173.45750427246094,139.72120666503906,284.95111083984375,245.42333984375
2021-09-13,146.12705993652344,172.85850524902344,141.16574096679688,286.1845397949219,247.6666717529297
2021-09-14,144.72979736328125,172.5,141.37600708007812,288.8825988769531,248.163330078125
2021-09-15,145.6189422607422,173.7895050048828,143.24559020996094,293.7296142578125,251.94332885742188
2021-09-16,145.38446044921875,174.41200256347656,142.43280029296875,294.1150207519531,252.3300018310547
2021-09-17,142.71693420410156,173.12600708007812,139.6458282470703,288.95965576171875,253.163330078125
2021-09-20,139.6683349609375,167.7864990234375,137.58238220214844,283.59228515625,243.38999938964844
2021-09-21,140.1471405029297,167.18150329589844,137.893310546875,284.0740661621094,246.4600067138672
2021-09-22,142.5117645263672,169.00250244140625,139.133544921875,287.7166442871094,250.64666748046875
2021-09-23,143.4693145751953,170.8000030517578,140.05841064453125,288.6609802246094,251.2133331298828
2021-09-24,143.55726623535156,171.2760009765625,141.04922485351562,288.4585876464844,258.1300048828125
2021-09-27,142.04273986816406,170.2899932861328,139.9156036376953,283.4670715332031,263.78668212890625
2021-09-28,138.6619415283203,165.79800415039062,134.71658325195312,273.20458984375,259.1866760253906
2021-09-29,139.56089782714844,165.05599975585938,133.25216674804688,273.6671447753906,260.4366760253906
2021-09-30,138.2612762451172,164.2519989013672,132.58023071289062,271.6627502441406,258.49334716796875
2021-10-01,139.3849639892578,164.16299438476562,135.42372131347656,278.58154296875,258.40667724609375
2021-10-04,135.95535278320312,159.48899841308594,132.56385803222656,272.80950927734375,260.510009765625
2021-10-05,137.88023376464844,161.0500030517578,134.907958984375,278.2539367675781,260.1966552734375
2021-10-06,138.74984741210938,163.10049438476562,136.43734741210938,282.4455871582031,260.9166564941406
2021-10-07,140.01031494140625,165.1215057373047,138.08375549316406,284.1223449707031,264.53668212890625
2021-10-08,139.6292724609375,164.43099975585938,138.63966369628906,284.1223449707031,261.8299865722656
2021-10-11,139.54132080078125,162.31500244140625,137.77528381347656,283.5248718261719,263.9800109863281
2021-10-12,138.27105712890625,162.3665008544922,135.3304901123047,282.22406005859375,268.5733337402344
2021-10-13,137.684814453125,164.21400451660156,136.4542236328125,285.5292053222656,270.3599853515625
2021-10-14,140.4695587158203,164.9929962158203,139.9939727783203,291.7349548339844,272.7733459472656
2021-10-15,141.52488708496094,170.4510040283203,140.2091522216797,293.1417236328125,281.010009765625
2021-10-18,143.1957244873047,172.33700561523438,141.6076202392578,296.1097717285156,290.03668212890625
2021-10-19,145.35511779785156,172.20750427246094,142.0628662109375,297.0155029296875,288.0899963378906
2021-10-20,145.8436737060547,170.7530059814453,140.6068878173828,296.2254333496094,288.6000061035156
2021-10-21,146.05868530273438,171.75050354003906,140.72293090820312,299.4534912109375,298.0
2021-10-22,145.28672790527344,166.77749633789062,136.43881225585938,297.91168212890625,303.2266540527344
2021-10-25,145.23789978027344,166.01849365234375,136.32029724121094,296.9191589355469,341.6199951171875
2021-10-26,145.90232849121094,168.80349731445312,138.1665496826172,298.8271179199219,339.4766540527344
2021-10-27,145.44308471679688,169.62449645996094,145.01890563964844,311.4119567871094,345.9533386230469
2021-10-28,149.07794189453125,172.32850646972656,144.65342712402344,312.54901123046875,359.0133361816406
2021-10-29,146.37132263183594,168.6215057373047,146.83245849609375,319.55450439453125,371.3333435058594
2021-11-01,145.55055236816406,165.90550231933594,142.3207244873047,317.38641357421875,402.86334228515625
2021-11-02,146.58628845214844,165.6374969482422,144.24034118652344,321.0095520019531,390.6666564941406
2021-11-03,148.02268981933594,169.1999969482422,145.3963165283203,321.8479309082031,404.6199951171875
2021-11-04,147.50482177734375,173.85000610351562,147.05210876464844,324.1990966796875,409.9700012207031
2021-11-05,148.03318786621094,175.94949340820312,147.63185119628906,323.8329772949219,407.36334228515625
2021-11-08,147.2112579345703,174.44900512695312,147.80935668945312,324.72918701171875,387.64666748046875
2021-11-09,147.57330322265625,178.81149291992188,147.69778442382812,323.72698974609375,341.1666564941406
2021-11-10,144.74533081054688,174.1024932861328,144.6975860595703,318.76434326171875,355.98333740234375
2021-11-11,144.6963653564453,173.625,144.5716094970703,320.3350830078125,354.5033264160156
2021-11-12,146.77090454101562,176.25750732421875,147.45925903320312,324.46893310546875,344.47332763671875
2021-11-15,146.78067016601562,177.28399658203125,147.23509216308594,323.84259033203125,337.7966613769531
2021-11-16,147.75921630859375,177.03500366210938,146.66384887695312,327.1574401855469,351.57666015625
2021-11-17,150.19577026367188,177.4499969482422,146.8334197998047,327.3795166015625,363.0033264160156
2021-11-18,154.4817657470703,184.80299377441406,148.6102294921875,329.4550476074219,365.4599914550781
2021-11-19,157.10426330566406,183.82850646972656,147.70570373535156,331.23138427734375,379.0199890136719
2021-11-22,157.5641632080078,178.6284942626953,145.10272216796875,328.0649108886719,385.6233215332031
2021-11-23,157.94577026367188,179.0019989013672,144.58697509765625,325.98931884765625,369.6766662597656
2021-11-24,158.4644012451172,179.02049255371094,144.92225646972656,326.2113952636719,372.0
2021-11-26,153.44448852539062,175.22799682617188,141.01748657226562,318.26629638671875,360.6400146484375
2021-11-29,156.80091857910156,178.07850646972656,144.3375701904297,324.9757080078125,378.9966735839844
2021-11-30,161.75228881835938,175.35350036621094,140.73434448242188,319.1448059082031,381.586669921875
2021-12-01,161.23370361328125,172.18600463867188,139.895263671875,318.6524963378906,365.0
2021-12-02,160.24534606933594,171.8679962158203,141.7940673828125,318.0828552246094,361.5333251953125
2021-12-03,158.36651611328125,169.489501953125,140.83746337890625,311.8271789550781,338.3233337402344
2021-12-06,161.77188110351562,171.36849975585938,141.98150634765625,314.89715576171875,336.336669921875
2021-12-07,167.506103515625,176.1645050048828,146.06231689453125,323.3249206542969,350.5833435058594
2021-12-08,171.32241821289062,176.1580047607422,146.9717559814453,323.3731994628906,356.32000732421875
2021-12-09,170.8135223388672,174.17100524902344,146.4282684326172,321.5679016113281,334.6000061035156
2021-12-10,175.5985870361328,172.21200561523438,146.78826904296875,330.6810607910156,339.010009765625
2021-12-13,171.96823120117188,169.5675048828125,144.6311492919922,327.6497802734375,322.13665771484375
2021-12-14,170.58853149414062,169.0915069580078,142.7273712158203,316.9726867675781,319.5033264160156
2021-12-15,175.45184326171875,173.31500244140625,145.24058532714844,323.06427001953125,325.3299865722656
2021-12-16,168.56292724609375,168.87100219726562,143.26095581054688,313.65179443359375,308.97332763671875
2021-12-17,167.46697998046875,170.0175018310547,140.56324768066406,312.5898132324219,310.8566589355469
2021-12-20,166.10678100585938,167.07899475097656,140.4462127685547,308.8345642089844,299.9800109863281
2021-12-21,169.27725219726562,170.41700744628906,142.29644775390625,315.95904541015625,312.84332275390625
2021-12-22,171.87037658691406,171.03700256347656,145.21478271484375,321.6644287109375,336.2900085449219
2021-12-23,172.4966278076172,171.06849670410156,145.7122039794922,323.10296630859375,355.6666564941406
2021-12-27,176.459716796875,169.66949462890625,146.6940460205078,330.59423828125,364.64666748046875
2021-12-28,175.44203186035156,170.66099548339844,145.4845733642578,329.435791015625,362.8233337402344
2021-12-29,175.5301055908203,169.2010040283203,145.4528350830078,330.11151123046875,362.0633239746094
2021-12-30,174.37545776367188,168.64450073242188,145.0020751953125,327.5725402832031,356.7799987792969
2021-12-31,173.75894165039062,166.7169952392578,143.66461181640625,324.6764831542969,352.260009765625
2022-01-03,178.1036834716797,170.4044952392578,143.802978515625,323.1607971191406,399.9266662597656
2022-01-04,175.84323120117188,167.52200317382812,143.21583557128906,317.6195068359375,383.1966552734375
2022-01-05,171.16583251953125,164.35699462890625,136.6456298828125,305.4267883300781,362.7066650390625
2022-01-06,168.3085174560547,163.25399780273438,136.6183624267578,303.01336669921875,354.8999938964844
2022-01-07,168.474853515625,162.5540008544922,135.89382934570312,303.1677551269531,342.32000732421875
2022-01-10,168.49440002441406,161.48599243164062,137.5327606201172,303.3897705078125,352.7066650390625
2022-01-11,171.32241821289062,165.36199951171875,138.5905303955078,304.0752868652344,354.79998779296875
2022-01-12,171.7627716064453,165.20700073242188,140.2711639404297,307.25128173828125,368.739990234375
2022-01-13,168.49440002441406,161.21400451660156,137.45098876953125,294.2476806640625,343.85333251953125
2022-01-14,169.35556030273438,162.13800048828125,138.33714294433594,299.4607238769531,349.8699951171875
2022-01-18,166.15570068359375,158.91749572753906,134.8831787109375,292.1720275878906,343.5033264160156
2022-01-19,162.66233825683594,156.2989959716797,134.00892639160156,292.8285827636719,331.8833312988281
2022-01-20,160.97926330566406,151.66749572753906,132.2147216796875,291.158447265625,332.0899963378906
2022-01-21,158.92434692382812,142.64300537109375,129.28298950195312,285.7812805175781,314.6333312988281
2022-01-24,158.15127563476562,144.54400634765625,129.7317657470703,286.1095275878906,310.0
2022-01-25,156.35079956054688,139.98599243164062,125.89447784423828,278.5023193359375,306.1333312988281
2022-01-26,156.2626953125,138.87249755859375,128.1736297607422,286.43780517578125,312.4700012207031
2022-01-27,155.80282592773438,139.6374969482422,127.9475326538086,289.45941162109375,276.3666687011719
2022-01-28,166.6743621826172,143.97799682617188,132.25787353515625,297.58782958984375,282.1166687011719
2022-01-31,171.02882385253906,149.57350158691406,134.19436645507812,300.21368408203125,312.239990234375
2022-02-01,170.8624725341797,151.19349670410156,136.5156707763672,298.0705261230469,310.4166564941406
2022-02-02,172.0660400390625,150.6125030517578,146.7867889404297,302.60784912109375,301.88665771484375
2022-02-03,169.18917846679688,138.8455047607422,141.91705322265625,290.820556640625,297.0466613769531
2022-02-04,168.90504455566406,157.63949584960938,142.11839294433594,295.34820556640625,307.7733459472656
2022-02-07,168.18984985351562,157.9355010986328,138.0599365234375,290.5309753417969,302.4466552734375
2022-02-08,171.2957305908203,161.4134979248047,138.2563018798828,294.0159606933594,307.3333435058594
2022-02-09,172.7164306640625,161.1894989013672,140.43133544921875,300.43572998046875,310.6666564941406
2022-02-10,168.64048767089844,159.0034942626953,137.48370361328125,291.9114685058594,301.51666259765625
2022-02-11,165.23086547851562,153.2935028076172,133.1817626953125,284.82562255859375,286.6666564941406
2022-02-14,165.46603393554688,155.16700744628906,134.41506958007812,284.7870178222656,291.9200134277344
2022-02-15,169.29698181152344,156.510498046875,135.48867797851562,290.06756591796875,307.4766540527344
2022-02-16,169.06182861328125,158.10049438476562,136.60890197753906,289.7290344238281,307.7966613769531
2022-02-17,165.46603393554688,154.65249633789062,131.4525604248047,281.2451171875,292.1166687011719
2022-02-18,163.91793823242188,152.60150146484375,129.3340606689453,278.5364685058594,285.6600036621094
2022-02-22,160.99818420410156,150.19749450683594,128.7493896484375,278.333251953125,273.84332275390625
2022-02-23,156.83412170410156,144.82699584960938,126.5421142578125,271.12640380859375,254.67999267578125
2022-02-24,159.45013427734375,151.35800170898438,131.60328674316406,284.97918701171875,266.92333984375
2022-02-25,161.51748657226562,153.7884979248047,133.35731506347656,287.6104736328125,269.9566650390625
2022-02-28,161.7820281982422,153.56300354003906,133.94993591308594,289.04217529296875,290.1433410644531
2022-03-01,159.9008331298828,151.14199829101562,132.96255493164062,285.327392578125,288.1233215332031
2022-03-02,163.19287109375,152.05250549316406,133.4683837890625,290.3965148925781,293.2966613769531
2022-03-03,162.86956787109375,147.89849853515625,132.80189514160156,286.2657775878906,279.7633361816406
2022-03-04,159.87142944335938,145.64100646972656,130.8252410888672,280.40350341796875,279.42999267578125
2022-03-07,156.07968139648438,137.4530029296875,125.3425521850586,269.8106994628906,268.1933288574219
2022-03-08,154.2572784423828,136.01449584960938,126.06259155273438,266.8505554199219,274.79998779296875
2022-03-09,159.6558837890625,139.2790069580078,132.32632446289062,279.0878601074219,286.3233337402344
2022-03-10,155.3154296875,146.8175048828125,131.3439483642578,276.2728271484375,279.4333190917969
2022-03-11,151.60205078125,145.52450561523438,128.80593872070312,270.93292236328125,265.1166687011719
2022-03-14,147.57516479492188,141.85299682617188,124.91854095458984,267.42132568359375,255.4566650390625
2022-03-15,151.95477294921875,147.3665008544922,128.13893127441406,277.7818603515625,267.2966613769531
2022-03-16,156.36378479003906,153.10400390625,132.18795776367188,284.7857666015625,280.07666015625
2022-03-17,157.37298583984375,157.23899841308594,132.74188232421875,285.5885925292969,290.5333251953125
2022-03-18,160.66510009765625,161.25050354003906,135.0096435546875,290.62872314453125,301.7966613769531
2022-03-21,162.03677368164062,161.4915008544922,134.98585510253906,289.40008544921875,307.0533447265625
2022-03-22,165.4072265625,164.88900756835938,138.72145080566406,294.1402587890625,331.32666015625
2022-03-23,166.76913452148438,163.4080047607422,137.1420135498047,289.71923828125,333.03668212890625
2022-03-24,170.5511016845703,163.64950561523438,140.41148376464844,294.1789855957031,337.97332763671875
2022-03-25,171.1879425048828,164.77349853515625,140.5116729736328,293.7726135253906,336.8800048828125
2022-03-28,172.0501708984375,168.99049377441406,140.2959747314453,300.5636901855469,363.9466552734375
2022-03-29,175.3422393798828,169.31500244140625,141.3373260498047,305.1199645996094,366.5233459472656
2022-03-30,174.17633056640625,166.30099487304688,140.77500915527344,303.6205139160156,364.663330078125
2022-03-31,171.08016967773438,162.99749755859375,137.9275360107422,298.2515563964844,359.20001220703125
2022-04-01,170.78622436523438,163.55999755859375,139.00164794921875,299.32537841796875,361.5299987792969
2022-04-04,174.83277893066406,168.34649658203125,141.79954528808594,304.6943359375,381.8166809082031
2022-04-05,171.5210418701172,164.05499267578125,139.43853759765625,300.73773193359375,363.7533264160156
2022-04-06,168.35641479492188,158.75599670410156,135.42869567871094,289.7290344238281,348.586669921875
2022-04-07,168.6601104736328,157.7845001220703,134.7745819091797,291.5379333496094,352.4200134277344
2022-04-08,166.65159606933594,154.4604949951172,132.19491577148438,287.28155517578125,341.8299865722656
2022-04-11,162.39930725097656,151.1219940185547,127.76749420166016,275.9535827636719,325.30999755859375
2022-04-12,164.27066040039062,150.78750610351562,126.6675796508789,272.85791015625,328.98333740234375
2022-04-13,166.9552459716797,155.54100036621094,128.82923889160156,278.236572265625,340.7900085449219
2022-04-14,161.94859313964844,151.7064971923828,125.69115447998047,270.70074462890625,328.3333435058594
2022-04-18,161.73304748535156,152.78500366210938,126.6299057006836,271.36822509765625,334.7633361816406
2022-04-19,164.0159454345703,158.11549377441406,128.9432830810547,275.99224853515625,342.7166748046875
2022-04-20,163.849365234375,153.9980010986328,126.99042510986328,277.0177001953125,325.73333740234375
2022-04-21,163.05575561523438,148.29600524902344,123.79136657714844,271.6487121582031,336.260009765625
2022-04-22,158.5193328857422,144.35000610351562,118.65481567382812,265.0899658203125,335.01666259765625
2022-04-25,159.58729553222656,146.07400512695312,122.06513214111328,271.561767578125,332.67333984375
2022-04-26,153.6302032470703,139.39100646972656,117.67741394042969,261.4042663574219,292.1400146484375
2022-04-27,153.40487670898438,138.16700744628906,113.35761260986328,273.9800720214844,293.836669921875
2022-04-28,160.33193969726562,144.59649658203125,117.55095672607422,280.1809997558594,292.5033264160156
2022-04-29,154.46299743652344,124.28150177001953,113.17411041259766,268.4660949707031,290.2533264160156
2022-05-02,154.7667694091797,124.5,115.62733459472656,275.1893615722656,300.9800109863281
2022-05-03,156.25604248046875,124.25350189208984,116.37217712402344,272.5870666503906,303.0833435058594
2022-05-04,162.6638641357422,125.92849731445312,121.25880432128906,280.5196228027344,317.5400085449219
2022-05-05,153.600830078125,116.40699768066406,115.55048370361328,268.3016052246094,291.09332275390625
2022-05-06,154.32691955566406,114.77249908447266,114.79769897460938,265.7671203613281,288.54998779296875
2022-05-09,149.20492553710938,108.78900146484375,111.58871459960938,255.94825744628906,262.3699951171875
2022-05-10,151.60890197753906,108.85900115966797,113.457275390625,260.70770263671875,266.67999267578125
2022-05-11,143.7493133544922,105.37200164794922,112.6712646484375,252.0497283935547,244.6666717529297
2022-05-12,139.88333129882812,106.93049621582031,111.91898345947266,247.0193328857422,242.6666717529297
2022-05-13,144.34786987304688,113.05500030517578,115.09920501708984,252.6011505126953,256.5299987792969
2022-05-16,142.80734252929688,110.81050109863281,113.5068588256836,252.9687042236328,241.4566650390625
2022-05-17,146.4379119873047,115.36849975585938,115.51824188232422,258.11517333984375,253.8699951171875
2022-05-18,138.176025390625,107.11250305175781,110.98223114013672,246.36328125,236.60333251953125
2022-05-19,134.7711639404297,107.31900024414062,109.47915649414062,245.4518280029297,236.47332763671875
2022-05-20,135.0066375732422,107.59100341796875,108.01525115966797,244.88946533203125,221.3000030517578
2022-05-23,140.42298889160156,107.55699920654297,110.57411193847656,252.7337188720703,224.96665954589844
2022-05-24,137.72457885742188,104.0999984741211,105.10133361816406,251.7350311279297,209.3866729736328
2022-05-25,137.881591796875,106.7750015258789,104.93768310546875,254.546875,219.60000610351562
2022-05-26,141.08038330078125,111.07749938964844,106.90889739990234,257.82427978515625,235.91000366210938
2022-05-27,146.83038330078125,115.14649963378906,111.39582061767578,264.94134521484375,253.2100067138672
2022-05-31,146.0453643798828,120.20950317382812,112.8294677734375,263.6129455566406,252.75332641601562
2022-06-01,145.91783142089844,121.68399810791016,112.95840454101562,264.1463317871094,246.7899932861328
2022-06-02,148.37088012695312,125.51100158691406,116.65830993652344,266.2406311035156,258.3333435058594
2022-06-03,142.65037536621094,122.3499984741211,113.60208129882812,261.8191223144531,234.51666259765625
2022-06-06,143.39608764648438,124.79000091552734,115.86290740966797,260.5876770019531,238.27999877929688
2022-06-07,145.91783142089844,123.0,116.18920135498047,264.2237243652344,238.8866729736328
2022-06-08,145.18191528320312,121.18000030517578,116.23332214355469,262.1972961425781,241.86666870117188
2022-06-09,139.96180725097656,116.1500015258789,113.89417266845703,256.748046875,239.7066650390625
2022-06-10,134.55526733398438,109.6500015258789,110.25027465820312,245.306396484375,232.22999572753906
2022-06-13,129.40382385253906,103.66999816894531,105.52037811279297,234.9022674560547,215.73666381835938
2022-06-14,130.26730346679688,102.30999755859375,105.8407211303711,237.0645294189453,220.88999938964844
2022-06-15,132.8871612548828,107.66999816894531,108.86473083496094,244.11370849609375,233.0
2022-06-16,127.61798858642578,103.66000366210938,105.164306640625,237.5299530029297,213.10000610351562
2022-06-17,129.08985900878906,106.22000122070312,106.26521301269531,240.1285400390625,216.75999450683594
2022-06-21,133.3188934326172,108.68000030517578,110.62964630126953,246.0336151123047,237.0366668701172
2022-06-22,132.8086700439453,108.94999694824219,110.57362365722656,245.4420928955078,236.086669921875
2022-06-23,135.67384338378906,112.44000244140625,111.3219223022461,250.99810791015625,235.07000732421875
2022-06-24,139.0001678466797,116.45999908447266,117.00791931152344,259.5696105957031,245.7066650390625
2022-06-27,139.0001678466797,113.22000122070312,114.88398742675781,256.844970703125,244.9199981689453
2022-06-28,134.8594207763672,107.4000015258789,111.08935546875,248.69041442871094,232.663330078125
2022-06-29,136.6158447265625,108.91999816894531,110.78585815429688,252.3555908203125,228.49000549316406
2022-06-30,134.15293884277344,106.20999908447266,108.0698013305664,249.0297088623047,224.47332763671875
2022-07-01,136.32144165039062,109.55999755859375,107.84615325927734,251.69625854492188,227.26333618164062
2022-07-05,138.90206909179688,113.5,112.33455657958984,254.86695861816406,233.06666564941406
2022-07-06,140.23654174804688,114.33000183105469,113.63282775878906,258.1248474121094,231.73333740234375
2022-07-07,143.60215759277344,116.33000183105469,117.8093032836914,260.2483215332031,244.5433349609375
2022-07-08,144.27915954589844,115.54000091552734,118.37512969970703,259.53082275390625,250.76333618164062
2022-07-11,142.14990234375,111.75,114.72826385498047,256.4765319824219,234.3433380126953
2022-07-12,143.121337890625,109.22000122070312,113.08584594726562,245.96571350097656,233.07000732421875
2022-07-13,142.75830078125,110.4000015258789,110.44070434570312,245.04457092285156,237.0399932861328
2022-07-14,145.68234252929688,110.62999725341797,109.46278381347656,246.36328125,238.31333923339844
2022-07-15,147.3504180908203,113.55000305175781,110.86123657226562,248.92308044433594,240.06666564941406
2022-07-18,144.3086395263672,113.76000213623047,108.13624572753906,246.52809143066406,240.54666137695312
2022-07-19,148.1648406982422,118.20999908447266,112.87706756591797,251.64768981933594,245.52999877929688
2022-07-20,150.16650390625,122.7699966430664,112.96633911132812,254.30445861816406,247.5
2022-07-21,152.4331817626953,124.62999725341797,113.40272521972656,256.79644775390625,271.7066650390625
2022-07-22,151.19680786132812,122.41999816894531,107.01551055908203,252.4525146484375,272.24334716796875
2022-07-25,150.07823181152344,121.13999938964844,106.62872314453125,250.96902465820312,268.4333190917969
2022-07-26,148.7535858154297,114.80999755859375,104.15911102294922,244.2494659423828,258.8599853515625
2022-07-27,153.8461456298828,120.97000122070312,112.13322448730469,260.5780029296875,274.82000732421875
2022-07-28,154.39559936523438,122.27999877929688,113.28372192382812,268.0150451660156,280.8999938964844
2022-07-29,159.45870971679688,134.9499969482422,115.36648559570312,272.21356201171875,297.1499938964844
2022-08-01,158.4774932861328,135.38999938964844,113.91845703125,269.5665588378906,297.27667236328125
2022-08-02,157.0056610107422,134.16000366210938,114.18626403808594,266.47344970703125,300.586669921875
2022-08-03,163.01075744628906,139.52000427246094,117.11206817626953,273.89105224609375,307.39666748046875
2022-08-04,162.69676208496094,142.57000732421875,117.2211685180664,275.03515625,308.6333312988281
2022-08-05,162.47073364257812,140.8000030517578,116.50707244873047,274.31768798828125,288.1700134277344
2022-08-08,161.99913024902344,139.41000366210938,116.33847045898438,271.80633544921875,290.42333984375
2022-08-09,162.0482635498047,137.8300018310547,115.67394256591797,273.72613525390625,283.3333435058594
2022-08-10,166.2930450439453,142.69000244140625,118.71878814697266,280.3778381347656,294.3566589355469
2022-08-11,165.55613708496094,140.63999938964844,117.86583709716797,278.3028259277344,286.6300048828125
2022-08-12,169.10321044921875,143.5500030517578,120.68256378173828,283.0444030761719,300.0299987792969
2022-08-15,170.1742401123047,143.17999267578125,121.07927703857422,284.5569763183594,309.32000732421875
2022-08-16,170.01705932617188,144.77999877929688,120.702392578125,283.82000732421875,306.5633239746094
2022-08-17,171.51055908203125,142.10000610351562,118.57001495361328,283.07183837890625,303.9966735839844
2022-08-18,171.11753845214844,142.3000030517578,119.18494415283203,281.9544372558594,302.8699951171875
2022-08-19,168.53330993652344,138.22999572753906,116.24919891357422,278.0481262207031,296.6666564941406
2022-08-22,164.65213012695312,133.22000122070312,113.30354309082031,269.8860778808594,289.913330078125
2022-08-23,164.31805419921875,133.6199951171875,112.92666625976562,268.6131591796875,296.4533386230469
2022-08-24,164.61279296875,133.8000030517578,112.75804901123047,267.9814453125,297.0966796875
2022-08-25,167.0692901611328,137.27999877929688,115.69379425048828,270.9548645019531,296.07000732421875
2022-08-26,160.77090454101562,130.75,109.43551635742188,260.49957275390625,288.0899963378906
2022-08-29,158.5699005126953,129.7899932861328,108.52305603027344,257.7205505371094,284.82000732421875
2022-08-30,156.14291381835938,128.72999572753906,108.04698944091797,255.52444458007812,277.70001220703125
2022-08-31,154.48233032226562,126.7699966430664,107.33290100097656,254.06689453125,275.6099853515625
2022-09-01,155.20947265625,127.81999969482422,108.84043884277344,253.02728271484375,277.1600036621094
2022-09-02,153.09689331054688,127.51000213623047,106.96592712402344,248.8101348876953,270.2099914550781
2022-09-06,151.8391876220703,126.11000061035156,105.93445587158203,246.0797119140625,274.4200134277344
2022-09-07,153.2443084716797,129.47999572753906,108.55279541015625,250.78268432617188,283.70001220703125
2022-09-08,151.7704315185547,129.82000732421875,107.4915771484375,251.20045471191406,289.260009765625
2022-09-09,154.6297149658203,133.27000427246094,109.74297332763672,256.9722595214844,299.67999267578125
2022-09-12,160.58419799804688,136.4499969482422,109.95125579833984,259.10028076171875,304.4200134277344
2022-09-13,151.1612091064453,126.81999969482422,103.46485900878906,244.85537719726562,292.1300048828125
2022-09-14,152.60556030273438,128.5500030517578,104.13928985595703,245.07884216308594,302.6099853515625
2022-09-15,149.71678161621094,126.27999877929688,102.06641387939453,238.4325408935547,303.75
2022-09-16,148.07586669921875,123.52999877929688,101.95734405517578,237.81065368652344,303.3500061035156
2022-09-19,151.79005432128906,124.66000366210938,102.22510528564453,237.5968780517578,309.07000732421875
2022-09-20,154.1678924560547,122.19000244140625,100.31092834472656,235.58547973632812,308.7300109863281
2022-09-21,151.04330444335938,118.54000091552734,98.4661865234375,232.18458557128906,300.79998779296875
2022-09-22,150.0803985595703,117.30999755859375,99.31912994384766,234.15707397460938,288.5899963378906
2022-09-23,147.8105926513672,113.77999877929688,97.93059539794922,231.18374633789062,275.3299865722656
2022-09-26,148.1446533203125,115.1500015258789,97.36527252197266,230.72705078125,276.010009765625
2022-09-27,149.11741638183594,114.41000366210938,96.70076751708984,229.7164764404297,282.94000244140625
2022-09-28,147.23081970214844,118.01000213623047,99.22986602783203,234.2445526123047,287.80999755859375
2022-09-29,139.99896240234375,114.80000305175781,96.62142944335938,230.77565002441406,268.2099914550781
2022-09-30,135.79354858398438,113.0,94.86593627929688,226.3058624267578,265.25
2022-10-03,139.96949768066406,115.87999725341797,97.83142852783203,233.92388916015625,242.39999389648438
2022-10-04,143.5559844970703,121.08999633789062,100.80683135986328,241.8334503173828,249.44000244140625
2022-10-05,143.85072326660156,120.94999694824219,100.59855651855469,242.1443634033203,240.80999755859375
2022-10-06,142.89761352539062,120.30000305175781,100.588623046875,239.80262756347656,238.1300048828125
2022-10-07,137.65061950683594,114.55999755859375,97.87108612060547,227.6079559326172,223.07000732421875
2022-10-10,137.97483825683594,113.66999816894531,97.05781555175781,222.7592010498047,222.9600067138672
2022-10-11,136.55995178222656,112.20999908447266,96.38339233398438,219.02793884277344,216.5
2022-10-12,135.93109130859375,112.9000015258789,96.7602767944336,219.35833740234375,217.24000549316406
2022-10-13,140.5001220703125,112.52999877929688,98.24797821044922,227.6079559326172,221.72000122070312
2022-10-14,135.97039794921875,106.9000015258789,95.76847839355469,222.08877563476562,204.99000549316406
2022-10-17,139.93020629882812,113.79000091552734,99.1505126953125,230.80479431152344,219.35000610351562
2022-10-18,141.2469024658203,116.36000061035156,99.94396209716797,231.747314453125,220.19000244140625
2022-10-19,141.35496520996094,115.06999969482422,98.81330108642578,229.78451538085938,222.0399932861328
2022-10-20,140.8931427001953,115.25,99.1505126953125,229.4638671875,207.27999877929688
2022-10-21,144.7056121826172,119.31999969482422,100.30101013183594,235.26483154296875,214.44000244140625
2022-10-24,146.8476104736328,119.81999969482422,101.67961120605469,240.2495880126953,211.25
2022-10-25,149.68731689453125,120.5999984741211,103.62355041503906,243.56301879882812,222.4199981689453
2022-10-26,146.74937438964844,115.66000366210938,94.15184783935547,224.77059936523438,224.63999938964844
2022-10-27,142.27862548828125,110.95999908447266,91.46404266357422,220.3300018310547,225.08999633789062
2022-10-28,153.02809143066406,103.41000366210938,95.50069427490234,229.1917724609375,228.52000427246094
2022-10-31,150.6698760986328,102.44000244140625,93.73528289794922,225.55767822265625,227.5399932861328
2022-11-01,148.0267333984375,96.79000091552734,89.72840118408203,221.7097930908203,227.82000732421875
2022-11-02,142.5045928955078,92.12000274658203,86.257080078125,213.8682861328125,214.97999572753906
2022-11-03,136.46168518066406,89.30000305175781,82.74610137939453,208.18389892578125,215.30999755859375
2022-11-04,136.19598388671875,90.9800033569336,85.87028503417969,215.12173461914062,207.47000122070312
2022-11-07,136.72740173339844,90.52999877929688,87.76463317871094,221.4182891845703,197.0800018310547
2022-11-08,137.2982635498047,89.9800033569336,88.17125701904297,222.3899688720703,191.3000030517578
2022-11-09,132.7413330078125,86.13999938964844,86.60421752929688,218.1533966064453,177.58999633789062
2022-11-10,144.55197143554688,96.62999725341797,93.16995239257812,236.10047912597656,190.72000122070312
2022-11-11,147.3372802734375,100.79000091552734,95.61972045898438,240.113525390625,195.97000122070312
2022-11-14,145.93971252441406,98.48999786376953,94.91551971435547,234.7109832763672,190.9499969482422
2022-11-15,147.6719207763672,98.94000244140625,97.63306427001953,235.1190643310547,194.4199981689453
2022-11-16,146.44166564941406,97.12000274658203,98.03970336914062,235.5478057861328,186.9199981689453
2022-11-17,148.3411865234375,94.8499984741211,97.55371856689453,235.49908447265625,183.1699981689453
2022-11-18,148.90219116210938,94.13999938964844,96.63134765625,235.0508575439453,180.19000244140625
2022-11-21,145.67396545410156,92.45999908447266,94.81634521484375,235.85964965820312,167.8699951171875
2022-11-22,147.8097381591797,93.19999694824219,96.25445556640625,238.76341247558594,169.91000366210938
2022-11-23,148.6856689453125,94.12999725341797,97.65290069580078,241.2482147216797,183.1999969482422
2022-11-25,145.7724151611328,93.41000366210938,96.66108703613281,241.16050720214844,182.86000061035156
2022-11-28,141.94378662109375,93.94999694824219,95.26266479492188,235.57705688476562,182.9199981689453
2022-11-29,138.94192504882812,92.41999816894531,94.40971374511719,234.18360900878906,180.8300018310547
2022-11-30,145.69366455078125,96.54000091552734,100.16216278076172,248.6148681640625,194.6999969482422
2022-12-01,145.96920776367188,95.5,100.16216278076172,248.17637634277344,194.6999969482422
2022-12-02,145.4771270751953,94.12999725341797,99.6166763305664,248.49794006347656,194.86000061035156
2022-12-05,144.3157501220703,91.01000213623047,98.66454315185547,243.80117797851562,182.4499969482422
2022-12-06,140.65444946289062,88.25,96.1850357055664,238.85108947753906,179.82000732421875
2022-12-07,138.71556091308594,88.45999908447266,94.16175079345703,238.1203155517578,174.0399932861328
2022-12-08,140.3985595703125,90.3499984741211,92.94184112548828,241.0728302001953,173.44000244140625
2022-12-09,139.9163055419922,89.08999633789062,92.06904602050781,239.1434326171875,179.0500030517578
2022-12-12,142.2095184326172,90.55000305175781,92.54512023925781,246.0521240234375,167.82000732421875
2022-12-13,143.17405700683594,92.48999786376953,94.84608459472656,250.34933471679688,160.9499969482422
2022-12-14,140.94973754882812,91.58000183105469,94.29068756103516,250.64166259765625,156.8000030517578
2022-12-15,134.3456268310547,88.44999694824219,90.11518859863281,242.64161682128906,157.6699981689453
2022-12-16,132.38702392578125,87.86000061035156,89.5201187133789,238.43209838867188,150.22999572753906
2022-12-19,130.2808074951172,84.91999816894531,87.71504211425781,234.30055236816406,149.8699951171875
2022-12-20,130.21192932128906,85.19000244140625,88.29027557373047,235.6160125732422,137.8000030517578
2022-12-21,133.3122100830078,86.7699966430664,88.84568786621094,238.1787872314453,137.57000732421875
2022-12-22,130.1430206298828,83.79000091552734,87.04061126708984,232.09832763671875,125.3499984741211
2022-12-23,129.77883911132812,85.25,88.4985580444336,232.62454223632812,123.1500015258789
2022-12-27,127.97773742675781,83.04000091552734,86.67363739013672,230.89979553222656,109.0999984741211
2022-12-28,124.05071258544922,81.81999969482422,85.31487274169922,228.53192138671875,112.70999908447266
2022-12-29,127.56436920166016,84.18000030517578,87.7249526977539,234.84622192382812,121.81999969482422
2022-12-30,127.87931823730469,84.0,87.50676727294922,233.68667602539062,123.18000030517578
2023-01-03,123.09603118896484,85.81999969482422,88.38947296142578,233.4528045654297,108.0999984741211
2023-01-04,124.36566162109375,85.13999938964844,87.35798645019531,223.24081420898438,113.63999938964844
2023-01-05,123.04682159423828,83.12000274658203,85.49339294433594,216.6244659423828,110.33999633789062
2023-01-06,127.57420349121094,86.08000183105469,86.6240463256836,219.1774444580078,113.05999755859375
2023-01-09,128.0958709716797,87.36000061035156,87.29846954345703,221.3114776611328,119.7699966430664
2023-01-10,128.6667022705078,89.87000274658203,87.69519805908203,222.99720764160156,118.8499984741211
2023-01-11,131.3831329345703,95.08999633789062,90.76979064941406,229.74024963378906,123.22000122070312
2023-01-12,131.3043975830078,95.2699966430664,90.38298797607422,232.41018676757812,123.55999755859375
2023-01-13,132.63307189941406,98.12000274658203,91.3648681640625,233.1117401123047,122.4000015258789
2023-01-17,133.79444885253906,96.05000305175781,90.54168701171875,234.203125,131.49000549316406
2023-01-18,133.07598876953125,95.45999908447266,90.37306213378906,229.77919006347656,128.77999877929688
2023-01-19,133.1350555419922,93.68000030517578,92.28723907470703,225.9984588623047,127.16999816894531
2023-01-20,135.69400024414062,97.25,97.21649169921875,234.0764617919922,133.4199981689453
2023-01-23,138.88284301757812,97.5199966430664,98.97199249267578,236.3760528564453,143.75
2023-01-24,140.28045654296875,96.31999969482422,96.89912414550781,235.84986877441406,143.88999938964844
2023-01-25,139.62103271484375,97.18000030517578,94.43944549560547,234.45648193359375,144.42999267578125
2023-01-26,141.68789672851562,99.22000122070312,96.72058868408203,241.657470703125,160.27000427246094
2023-01-27,143.62677001953125,102.23999786376953,98.55543518066406,241.81336975097656,177.89999389648438
2023-01-30,140.74305725097656,100.55000305175781,96.14537811279297,236.5027618408203,166.66000366210938
2023-01-31,142.01263427734375,103.12999725341797,98.02978515625,241.47230529785156,173.22000122070312
2023-02-01,143.13467407226562,105.1500015258789,99.60675811767578,246.28598022460938,181.41000366210938
2023-02-02,148.43960571289062,112.91000366210938,106.85682678222656,257.8329162597656,188.27000427246094
2023-02-03,152.06153869628906,103.38999938964844,103.92108917236328,251.74278259277344,189.97999572753906
2023-02-06,149.33522033691406,102.18000030517578,102.05650329589844,250.20315551757812,194.75999450683594
2023-02-07,152.20913696289062,102.11000061035156,106.75763702392578,260.7171936035156,196.80999755859375
2023-02-08,149.52227783203125,100.05000305175781,98.55543518066406,259.908447265625,201.2899932861328
2023-02-09,148.48883056640625,98.23999786376953,94.23119354248047,256.87799072265625,207.32000732421875
2023-02-10,148.85353088378906,97.61000061035156,93.79478454589844,256.371337890625,196.88999938964844
2023-02-13,151.6529998779297,99.54000091552734,93.8344497680664,264.3810729980469,194.63999938964844
2023-02-14,151.0122528076172,99.69999694824219,93.90387725830078,265.2093200683594,209.25
2023-02-15,153.11187744140625,101.16000366210938,96.14537811279297,263.0895080566406,214.24000549316406
2023-02-16,151.51498413085938,98.1500015258789,94.72708129882812,256.08538818359375,202.0399932861328
2023-02-17,150.3715362548828,97.19999694824219,93.57658386230469,252.09005737304688,208.30999755859375
2023-02-21,146.35964965820312,94.58000183105469,91.0375747680664,246.82467651367188,197.3699951171875
2023-02-22,146.78353881835938,95.79000091552734,90.89872741699219,245.69149780273438,200.86000061035156
2023-02-23,147.26654052734375,95.81999969482422,90.14495849609375,248.8761444091797,202.07000732421875
2023-02-24,144.61497497558594,93.5,88.39937591552734,243.45452880859375,196.8800048828125
2023-02-27,145.80767822265625,93.76000213623047,89.1333236694336,244.37277221679688,207.6300048828125
2023-02-28,145.304931640625,94.2300033569336,89.3217544555664,243.6498565673828,205.7100067138672
2023-03-01,143.23492431640625,92.16999816894531,89.61930084228516,240.57275390625,202.77000427246094
2023-03-02,143.82638549804688,92.12999725341797,91.245849609375,245.30079650878906,190.89999389648438
2023-03-03,148.87326049804688,94.9000015258789,92.88233184814453,249.3840789794922,197.7899932861328
2023-03-06,151.63328552246094,93.75,94.35020446777344,250.92752075195312,193.80999755859375
2023-03-07,149.43511962890625,93.55000305175781,93.09059143066406,248.2704620361328,187.7100067138672
2023-03-08,150.6869659423828,93.91999816894531,93.47740936279297,247.83087158203125,182.0
2023-03-09,148.43951416015625,92.25,91.563232421875,246.4827880859375,172.9199981689453
2023-03-10,146.37937927246094,90.7300033569336,89.8870849609375,242.839111328125,173.44000244140625
2023-03-13,148.32125854492188,92.43000030517578,90.3631591796875,248.04579162597656,174.47999572753906
2023-03-14,150.41099548339844,94.87999725341797,93.19970703125,254.75682067871094,183.25999450683594
2023-03-15,150.80528259277344,96.19999694824219,95.3221664428711,259.2992248535156,180.4499969482422
2023-03-16,153.6244354248047,100.04000091552734,99.4976577758789,269.8104248046875,184.1300048828125
2023-03-17,152.78656005859375,98.94999694824219,100.7869873046875,272.965576171875,180.1300048828125
2023-03-20,155.1522979736328,97.70999908447266,100.39027404785156,265.9322509765625,183.25
2023-03-21,157.00546264648438,100.61000061035156,104.05994415283203,267.4463195800781,197.5800018310547
2023-03-22,155.57615661621094,98.69999694824219,102.52265167236328,265.9908447265625,191.14999389648438
2023-03-23,156.6604461669922,98.70999908447266,104.734375,271.2366027832031,192.22000122070312
2023-03-24,157.9615936279297,98.12999725341797,104.57569122314453,274.0793151855469,190.41000366210938
2023-03-27,156.01971435546875,98.04000091552734,101.6201171875,269.9862060546875,191.80999755859375
2023-03-28,155.39871215820312,97.23999786376953,100.20184326171875,268.8627624511719,189.19000244140625
2023-03-29,158.47415161132812,100.25,100.55888366699219,274.0206604003906,193.8800048828125
2023-03-30,160.04144287109375,102.0,100.06298065185547,277.4787902832031,195.27999877929688
2023-03-31,162.54518127441406,103.29000091552734,102.87970733642578,281.6304626464844,207.4600067138672
2023-04-03,163.79705810546875,102.41000366210938,103.5045394897461,280.585205078125,194.77000427246094
2023-04-04,163.2647705078125,103.94999694824219,103.861572265625,280.5363464355469,192.5800018310547
2023-04-05,161.4214630126953,101.0999984741211,103.61363220214844,277.7620544433594,185.52000427246094
2023-04-06,162.30862426757812,102.05999755859375,107.53125,284.8540954589844,185.05999755859375
2023-04-10,159.71620178222656,102.16999816894531,105.5674819946289,282.69525146484375,184.50999450683594
2023-04-11,158.50375366210938,99.91999816894531,104.48641967773438,276.2869873046875,186.7899932861328
2023-04-12,157.81375122070312,97.83000183105469,103.78224182128906,276.93170166015625,180.5399932861328
2023-04-13,163.19573974609375,102.4000015258789,106.54938507080078,283.1347961425781,185.89999389648438
2023-04-14,162.85076904296875,102.51000213623047,107.97757720947266,279.5204162597656,185.0
2023-04-17,162.87046813964844,102.73999786376953,105.10133361816406,282.11883544921875,187.0399932861328
2023-04-18,164.09275817871094,102.30000305175781,103.64339447021484,281.6987609863281,184.30999755859375
2023-04-19,165.2362060546875,104.30000305175781,103.32601165771484,281.7769775390625,180.58999633789062
2023-04-20,164.27020263671875,103.80999755859375,104.42691040039062,279.4910888671875,162.99000549316406
2023-04-21,162.66351318359375,106.95999908447266,104.54593658447266,279.1492614746094,165.0800018310547
2023-04-24,162.9690399169922,106.20999908447266,105.10133361816406,275.25152587890625,162.5500030517578
2023-04-25,161.43133544921875,102.56999969482422,102.99871826171875,269.0484313964844,160.6699981689453
2023-04-26,161.4214630126953,104.9800033569336,102.85987091064453,288.5368957519531,153.75
2023-04-27,166.0050811767578,109.81999969482422,106.70805358886719,297.7780456542969,160.19000244140625
2023-04-28,167.2569122314453,105.44999694824219,106.46009826660156,300.15179443359375,164.30999755859375
2023-05-01,167.16822814941406,102.05000305175781,106.32125854492188,298.49114990234375,161.8300018310547
2023-05-02,166.13319396972656,103.62999725341797,104.45667266845703,298.3445739746094,160.30999755859375
2023-05-03,165.05874633789062,103.6500015258789,104.54593658447266,297.3579406738281,160.61000061035156
2023-05-04,163.42245483398438,104.0,103.83184051513672,298.3445739746094,161.1999969482422
2023-05-05,171.09136962890625,105.66000366210938,104.7046127319336,303.4633483886719,170.05999755859375
2023-05-08,171.02236938476562,105.83000183105469,106.88658142089844,301.5096740722656,171.7899932861328
2023-05-09,169.3170928955078,106.62000274658203,106.47003173828125,299.8977966308594,169.14999389648438
2023-05-10,171.08152770996094,110.19000244140625,110.83395385742188,305.08502197265625,168.5399932861328
2023-05-11,171.26881408691406,112.18000030517578,115.61444854736328,302.9358825683594,172.0800018310547
2023-05-12,170.34092712402344,110.26000213623047,116.54674530029297,301.822265625,167.97999572753906
2023-05-15,169.847412109375,111.19999694824219,115.554931640625,302.3009033203125,166.35000610351562
2023-05-16,169.847412109375,113.4000015258789,118.53034210205078,304.5281982421875,166.52000427246094
2023-05-17,170.4593963623047,115.5,119.84944915771484,307.40643310546875,173.86000061035156
2023-05-18,172.78890991210938,118.1500015258789,121.82312774658203,311.83154296875,176.88999938964844
2023-05-19,172.89749145507812,116.25,121.75370788574219,311.6552734375,180.13999938964844
2023-05-22,171.94989013671875,115.01000213623047,124.02494812011719,314.4356384277344,188.8699951171875
2023-05-23,169.34397888183594,114.98999786376953,121.55535125732422,308.6400451660156,185.77000427246094
2023-05-24,169.62037658691406,116.75,119.90896606445312,307.25958251953125,182.89999389648438
2023-05-25,170.75555419921875,115.0,122.46781158447266,319.07611083984375,184.47000122070312
2023-05-26,173.16400146484375,120.11000061035156,123.58854675292969,325.8998107910156,193.1699981689453
2023-05-30,175.00985717773438,121.66000366210938,122.65624237060547,324.2550354003906,201.16000366210938
2023-05-31,174.9604949951172,120.58000183105469,121.8628158569336,321.4943542480469,203.92999267578125
2023-06-01,177.76380920410156,122.7699966430664,122.70584869384766,325.5963134765625,207.52000427246094
2023-06-02,178.61268615722656,124.25,123.64805603027344,328.3570251464844,213.97000122070312
2023-06-05,177.26039123535156,125.30000305175781,124.9770736694336,328.8857421875,217.61000061035156
2023-06-06,176.89517211914062,126.61000061035156,126.26641082763672,326.67315673828125,221.30999755859375
2023-06-07,175.5231170654297,121.2300033569336,121.49583435058594,316.58941650390625,224.57000732421875
2023-06-08,178.2376251220703,124.25,121.13878631591797,318.4300231933594,234.86000061035156
2023-06-09,178.62257385253906,123.43000030517578,121.22805786132812,319.9279479980469,244.39999389648438
2023-06-12,181.41600036621094,126.56999969482422,122.62649536132812,324.8815612792969,249.8300018310547
2023-06-13,180.94219970703125,126.66000366210938,122.81493377685547,327.2704162597656,258.7099914550781
2023-06-14,181.57394409179688,126.41999816894531,122.65624237060547,330.2563171386719,256.7900085449219
2023-06-15,183.6073455810547,127.11000061035156,124.0645980834961,340.7903747558594,255.89999389648438
2023-06-16,182.5314178466797,125.48999786376953,122.51739501953125,335.14154052734375,260.5400085449219
2023-06-20,182.62025451660156,125.77999877929688,122.0909194946289,330.9513854980469,274.45001220703125
2023-06-21,181.5838165283203,124.83000183105469,119.56182861328125,326.5556945800781,259.4599914550781
2023-06-22,184.58456420898438,130.14999389648438,122.1405029296875,332.5765380859375,264.6099853515625
2023-06-23,184.2686767578125,129.3300018310547,121.33714294433594,327.9850158691406,256.6000061035156
2023-06-26,182.87689208984375,127.33000183105469,117.36993408203125,321.6998596191406,241.0500030517578
2023-06-27,185.63087463378906,129.17999267578125,117.36003112792969,327.54449462890625,250.2100067138672
2023-06-28,186.8054962158203,129.0399932861328,119.19485473632812,328.797607421875,256.239990234375
2023-06-29,187.14108276367188,127.9000015258789,118.12370300292969,328.014404296875,257.5
2023-06-30,191.46453857421875,130.36000061035156,118.71878814697266,333.3891296386719,261.7699890136719
2023-07-03,189.9740753173828,130.22000122070312,118.91715240478516,330.8927307128906,279.82000732421875
2023-07-05,188.858642578125,130.3800048828125,120.75198364257812,331.0493469238281,282.4800109863281
2023-07-06,189.3324432373047,128.36000061035156,119.12542724609375,334.1037902832031,276.5400085449219
2023-07-07,188.21701049804688,129.77999877929688,118.50060272216797,330.13885498046875,274.42999267578125
2023-07-10,186.17376708984375,127.12999725341797,115.49542236328125,324.8620300292969,269.6099853515625
2023-07-11,185.65060424804688,128.77999877929688,116.17977905273438,325.4886169433594,269.7900085449219
2023-07-12,187.31878662109375,130.8000030517578,117.95510864257812,330.1192932128906,271.989990234375
2023-07-13,188.0788116455078,134.3000030517578,123.51910400390625,335.4646301269531,277.8999938964844
2023-07-14,188.2268829345703,134.67999267578125,124.39189910888672,337.99041748046875,281.3800048828125
2023-07-17,191.48428344726562,133.55999755859375,123.62821960449219,338.4701843261719,290.3800048828125
2023-07-18,191.22760009765625,132.8300018310547,122.74552154541016,351.9411926269531,293.3399963378906
2023-07-19,192.57994079589844,135.36000061035156,121.02967834472656,347.6238098144531,291.260009765625
2023-07-20,190.63536071777344,129.9600067138672,118.22288513183594,339.5862121582031,262.8999938964844
2023-07-21,189.4607696533203,130.0,119.03616333007812,336.55126953125,260.0199890136719
2023-07-24,190.2602996826172,128.8000030517578,120.53379821777344,337.8631896972656,269.05999755859375
2023-07-25,191.11907958984375,129.1300048828125,121.20822143554688,343.60992431640625,265.2799987792969
2023-07-26,191.98768615722656,128.14999389648438,128.21034240722656,330.67724609375,264.3500061035156
2023-07-27,190.72421264648438,128.25,128.3392791748047,323.77532958984375,255.7100067138672
2023-07-28,193.30047607421875,132.2100067138672,131.4932098388672,331.2646789550781,266.44000244140625
2023-07-31,193.91249084472656,133.67999267578125,131.63206481933594,328.8661804199219,267.42999267578125
2023-08-01,193.0833282470703,131.69000244140625,130.47164916992188,329.2773132324219,261.07000732421875
2023-08-02,190.09246826171875,128.2100067138672,127.32762908935547,320.6229248046875,254.11000061035156
2023-08-03,188.70068359375,128.91000366210938,127.39705657958984,319.80059814453125,259.32000732421875
2023-08-04,179.63926696777344,139.57000732421875,127.05986022949219,320.8970642089844,253.86000061035156
2023-08-07,176.53982543945312,142.22000122070312,130.45181274414062,323.17816162109375,251.4499969482422
2023-08-08,177.47756958007812,139.94000244140625,130.32289123535156,319.203369140625,249.6999969482422
2023-08-09,175.88833618164062,137.85000610351562,128.59713745117188,315.4636535644531,242.19000244140625
2023-08-10,175.6711883544922,138.55999755859375,128.62689208984375,316.1488952636719,245.33999633789062
2023-08-11,175.73049926757812,138.41000366210938,128.49795532226562,314.26922607421875,242.64999389648438
2023-08-14,177.38116455078125,140.57000732421875,130.25343322753906,317.2356262207031,239.75999450683594
2023-08-15,175.3944549560547,137.6699981689453,128.71617126464844,315.101318359375,232.9600067138672
2023-08-16,174.524658203125,135.07000732421875,127.64502716064453,314.3361511230469,225.60000610351562
2023-08-17,171.98439025878906,133.97999572753906,128.8550262451172,310.8827819824219,219.22000122070312
2023-08-18,172.46873474121094,133.22000122070312,126.41517639160156,310.4903259277344,215.49000549316406
2023-08-21,173.80308532714844,134.67999267578125,127.31771087646484,315.78814697265625,231.27999877929688
2023-08-22,175.17697143554688,134.25,128.0218963623047,316.3571472167969,233.19000244140625
2023-08-23,179.0219268798828,135.52000427246094,131.28492736816406,320.8112487792969,236.86000061035156
2023-08-24,174.33682250976562,131.83999633789062,128.71617126464844,313.9143371582031,230.0399932861328
2023-08-25,176.54100036621094,133.25999450683594,128.81533813476562,316.8673400878906,238.58999633789062
2023-08-28,178.1027069091797,133.13999938964844,129.9360809326172,317.57373046875,238.82000732421875
2023-08-29,181.98716735839844,134.91000366210938,133.46688842773438,322.19451904296875,257.17999267578125
2023-08-30,185.47630310058594,135.07000732421875,134.7661590576172,322.5673828125,256.8999938964844
2023-08-31,185.69374084472656,138.00999450683594,135.0537567138672,321.556884765625,258.0799865722656
2023-09-01,187.26531982421875,138.1199951171875,134.54798889160156,322.4398193359375,245.00999450683594
2023-09-05,187.50254821777344,137.27000427246094,134.6570587158203,327.2372741699219,256.489990234375
2023-09-06,180.79116821289062,135.36000061035156,133.35780334472656,326.5799255371094,251.9199981689453
2023-09-07,175.50318908691406,137.85000610351562,134.15122985839844,323.66619873046875,251.49000549316406
2023-09-08,176.11598205566406,138.22999572753906,135.26206970214844,327.9436340332031,248.5
2023-09-11,177.28231811523438,143.10000610351562,135.79762268066406,331.544189453125,273.5799865722656
2023-09-12,174.25775146484375,141.22999572753906,134.23057556152344,325.49090576171875,267.4800109863281
2023-09-13,172.1919708251953,144.85000610351562,135.58935546875,329.6997375488281,271.29998779296875
2023-09-14,173.70425415039062,144.72000122070312,136.96795654296875,332.289794921875,276.0400085449219
2023-09-15,172.98269653320312,140.38999938964844,136.27371215820312,323.97027587890625,274.3900146484375
2023-09-18,175.90843200683594,139.97999572753906,137.07705688476562,322.832275390625,265.2799987792969
2023-09-19,176.99566650390625,137.6300048828125,136.908447265625,322.4300231933594,266.5
2023-09-20,173.45712280273438,135.2899932861328,132.64370727539062,314.6991271972656,262.5899963378906
2023-09-21,171.9152374267578,129.3300018310547,129.37075805664062,313.48260498046875,255.6999969482422
2023-09-22,172.76527404785156,129.1199951171875,129.18231201171875,311.0103454589844,244.8800048828125
2023-09-25,174.040283203125,131.27000427246094,130.03526306152344,311.5302429199219,246.99000549316406
2023-09-26,169.96803283691406,125.9800033569336,127.51608276367188,306.23248291015625,244.1199951171875
2023-09-27,168.4557647705078,125.9800033569336,129.4699249267578,306.87017822265625,240.5
2023-09-28,168.7127227783203,125.9800033569336,131.2254180908203,307.7040710449219,246.3800048828125
2023-09-29,169.2267303466797,127.12000274658203,129.7873077392578,309.7742004394531,250.22000122070312
2023-10-02,171.73731994628906,129.4600067138672,133.0701904296875,315.7095947265625,251.60000610351562
2023-10-03,170.40292358398438,124.72000122070312,131.3444366455078,307.4588317871094,246.52999877929688
2023-10-04,171.64834594726562,127.0,134.13140869140625,312.9234313964844,261.1600036621094
2023-10-05,172.8838653564453,125.95999908447266,133.9628143310547,313.3158264160156,260.04998779296875
2023-10-06,175.43399047851562,127.95999908447266,136.4522247314453,321.0663757324219,260.5299987792969
2023-10-09,176.91659545898438,128.25999450683594,137.2853546142578,323.5778503417969,259.6700134277344
2023-10-10,176.3235626220703,129.47999572753906,136.9282684326172,322.17498779296875,263.6199951171875
2023-10-11,177.71722412109375,131.8300018310547,139.3978729248047,326.128662109375,262.989990234375
2023-10-12,178.61668395996094,132.3300018310547,137.83082580566406,324.89251708984375,258.8699951171875
2023-10-13,176.77822875976562,129.7899932861328,136.2340087890625,321.5274658203125,251.1199951171875
2023-10-16,176.6497344970703,132.5500030517578,137.9597625732422,326.3445129394531,253.9199981689453
2023-10-17,175.09791564941406,131.47000122070312,138.57467651367188,325.7754821777344,254.85000610351562
2023-10-18,173.80308532714844,128.1300048828125,136.82913208007812,323.8623962402344,242.67999267578125
2023-10-19,173.42750549316406,128.39999389648438,136.62086486816406,325.04949951171875,220.11000061035156
2023-10-20,170.87738037109375,125.16999816894531,134.48846435546875,320.48748779296875,211.99000549316406
2023-10-23,170.9959716796875,126.55999755859375,135.38107299804688,323.0873107910156,212.0800018310547
2023-10-24,171.430908203125,128.55999755859375,137.67213439941406,324.2744445800781,216.52000427246094
2023-10-25,169.1179962158203,121.38999938964844,124.58033752441406,334.2225646972656,212.4199981689453
2023-10-26,164.95677185058594,119.56999969482422,121.27763366699219,321.6844177246094,205.75999450683594
2023-10-27,166.2713623046875,127.73999786376953,121.16854858398438,323.56805419921875,207.3000030517578
2023-10-30,168.31736755371094,132.7100067138672,123.43976593017578,330.9261779785156,197.36000061035156
2023-10-31,168.7918243408203,133.08999633789062,123.0628890991211,331.7109680175781,200.83999633789062
2023-11-01,171.9547576904297,137.0,125.4134521484375,339.52032470703125,205.66000366210938
2023-11-02,175.5130615234375,138.07000732421875,126.44493865966797,341.7277526855469,218.50999450683594
2023-11-03,174.6037139892578,138.60000610351562,128.041748046875,346.1229553222656,219.9600067138672
2023-11-06,177.15383911132812,139.74000549316406,129.18231201171875,349.78240966796875,219.27000427246094
2023-11-07,179.71380615234375,142.7100067138672,129.89642333984375,353.7066955566406,222.17999267578125
2023-11-08,180.77145385742188,142.0800018310547,130.75929260253906,356.3261413574219,222.11000061035156
2023-11-09,180.29698181152344,140.60000610351562,129.17239379882812,353.8636779785156,209.97999572753906
2023-11-10,184.48350524902344,143.55999755859375,131.5031280517578,362.6736755371094,214.64999389648438
2023-11-13,182.8999481201172,142.58999633789062,131.0072021484375,359.7402038574219,223.7100067138672
2023-11-14,185.5128173828125,145.8000030517578,132.52468872070312,363.2623291015625,237.41000366210938
2023-11-15,186.07693481445312,143.1999969482422,133.51649475097656,363.4097900390625,242.83999633789062
2023-11-16,187.7594451904297,142.8300018310547,135.8075408935547,369.7997131347656,233.58999633789062
2023-11-17,187.73968505859375,145.17999267578125,134.20083618164062,363.5867614746094,234.3000030517578
2023-11-20,189.48155212402344,146.1300048828125,135.13311767578125,371.0482482910156,235.60000610351562
2023-11-21,188.67991638183594,143.89999389648438,135.8472137451172,366.7521667480469,241.1999969482422
2023-11-22,189.34300231933594,146.7100067138672,137.35476684570312,371.45123291015625,234.2100067138672
2023-11-24,188.01678466796875,146.74000549316406,135.5695037841797,371.038330078125,235.4499969482422
2023-11-27,187.83863830566406,147.72999572753906,135.29180908203125,372.1983947753906,236.0800018310547
2023-11-28,188.44235229492188,147.02999877929688,136.07534790039062,376.2191467285156,246.72000122070312
2023-11-29,187.42295837402344,146.32000732421875,133.8834686279297,372.4343566894531,244.13999938964844
2023-11-30,187.9969940185547,146.08999633789062,131.443603515625,372.4933166503906,240.0800018310547
2023-12-01,189.27371215820312,147.02999877929688,130.7790985107422,368.1678466796875,238.8300018310547
2023-12-04,187.48231506347656,144.83999633789062,128.21034240722656,362.8887939453125,235.5800018310547
2023-12-05,191.43130493164062,146.8800048828125,129.91624450683594,366.21148681640625,238.72000122070312
2023-12-06,190.3426513671875,144.52000427246094,128.95420837402344,362.55450439453125,239.3699951171875
2023-12-07,192.27259826660156,146.8800048828125,135.8075408935547,364.6681213378906,242.63999938964844
2023-12-08,193.69778442382812,147.4199981689453,133.8834686279297,367.8926086425781,243.83999633789062
2023-12-11,191.1937713623047,145.88999938964844,132.19737243652344,365.01220703125,239.74000549316406
2023-12-12,192.7080535888672,147.47999572753906,131.4337158203125,368.0400390625,237.00999450683594
2023-12-13,195.9246368408203,148.83999633789062,131.48329162597656,368.0301513671875,239.2899932861328
2023-12-14,196.0730743408203,147.4199981689453,130.85842895507812,359.7331237792969,251.0500030517578
2023-12-15,195.53868103027344,149.97000122070312,131.5130615234375,364.45184326171875,253.5
2023-12-18,193.8759307861328,154.07000732421875,134.6868133544922,366.3393249511719,252.0800018310547
2023-12-19,194.91510009765625,153.7899932861328,135.5298614501953,366.93896484375,257.2200012207031
2023-12-20,192.8268280029297,152.1199951171875,137.2059783935547,364.34368896484375,247.13999938964844
2023-12-21,192.6783447265625,153.83999633789062,139.2689208984375,367.2142333984375,254.5
2023-12-22,191.6094512939453,153.4199981689453,140.33016967773438,368.23663330078125,252.5399932861328
2023-12-26,191.06512451171875,153.41000366210938,140.35992431640625,368.3153076171875,256.6099853515625
2023-12-27,191.16409301757812,153.33999633789062,139.2193603515625,367.7352600097656,261.44000244140625
2023-12-28,191.5896759033203,153.3800048828125,139.08047485351562,368.9248046875,253.17999267578125
2023-12-29,190.5504608154297,151.94000244140625,138.54493713378906,369.6719055175781,248.47999572753906
2024-01-02,183.73130798339844,149.92999267578125,137.03738403320312,364.5894470214844,248.4199981689453
2024-01-03,182.3555908203125,148.47000122070312,137.78126525878906,364.32403564453125,238.4499969482422
2024-01-04,180.03965759277344,144.57000732421875,135.27198791503906,361.7090759277344,237.92999267578125
2024-01-05,179.31716918945312,145.24000549316406,134.61737060546875,361.52227783203125,237.49000549316406
2024-01-08,183.65213012695312,149.10000610351562,137.70188903808594,368.34478759765625,240.4499969482422
2024-01-09,183.23643493652344,151.3699951171875,139.79458618164062,369.4261474609375,234.9600067138672
2024-01-10,184.27566528320312,153.72999572753906,141.11367797851562,376.2879333496094,233.94000244140625
2024-01-11,183.68182373046875,155.17999267578125,140.9153289794922,378.116455078125,227.22000122070312
2024-01-12,184.00840759277344,154.6199951171875,141.48068237304688,381.8914794921875,218.88999938964844
2024-01-16,181.74197387695312,153.16000366210938,141.3219757080078,383.660888671875,219.91000366210938
2024-01-17,180.80172729492188,151.7100067138672,140.31033325195312,382.8744812011719,215.5500030517578
2024-01-18,186.69058227539062,153.5,142.30384826660156,387.199951171875,211.8800048828125
2024-01-19,189.59043884277344,155.33999633789062,145.1800994873047,391.9186706542969,212.19000244140625
2024-01-22,191.896484375,154.77999877929688,144.79327392578125,389.7952575683594,208.8000030517578
2024-01-23,193.1732177734375,156.02000427246094,145.83465576171875,392.144775390625,209.13999938964844
2024-01-24,192.5001983642578,156.8699951171875,147.4810791015625,395.7428283691406,207.8300018310547
2024-01-25,192.17361450195312,157.75,150.62509155273438,398.013671875,182.6300048828125
2024-01-26,190.4416046142578,159.1199951171875,150.94247436523438,397.089599609375,183.25
2024-01-29,189.75868225097656,161.25999450683594,152.25161743164062,402.78155517578125,190.92999267578125
2024-01-30,186.10662841796875,159.0,150.2184295654297,401.6706237792969,191.58999633789062
2024-01-31,182.50405883789062,155.1999969482422,138.95156860351562,390.8471374511719,187.2899932861328
2024-02-01,184.93875122070312,159.27999877929688,140.00286865234375,396.942138671875,188.86000061035156
2024-02-02,183.9391326904297,171.80999755859375,141.21287536621094,404.2561950683594,187.91000366210938
2024-02-05,185.75030517578125,170.30999755859375,142.5022430419922,398.78045654296875,181.05999755859375
2024-02-06,187.35369873046875,169.14999389648438,142.9187774658203,398.6231994628906,185.10000610351562
2024-02-07,187.46255493164062,170.52999877929688,144.34693908691406,407.0382385253906,187.5800018310547
2024-02-08,186.38375854492188,169.83999633789062,144.71392822265625,407.09716796875,189.55999755859375
2024-02-09,187.14682006835938,174.4499969482422,147.77862548828125,413.4281311035156,193.57000732421875
2024-02-12,185.46214294433594,172.33999633789062,146.32066345214844,408.2277526855469,188.1300048828125
2024-02-13,183.37115478515625,168.63999938964844,143.95025634765625,399.4391784667969,184.02000427246094
2024-02-14,182.48919677734375,170.97999572753906,144.74368286132812,403.2998352050781,188.7100067138672
2024-02-15,182.20179748535156,169.8000030517578,141.59970092773438,400.4141845703125,200.4499969482422
2024-02-16,180.665771484375,169.50999450683594,139.36813354492188,397.9519348144531,199.9499969482422
2024-02-20,179.9225616455078,167.0800018310547,139.9632110595703,396.7011413574219,193.75999450683594
2024-02-21,180.6757049560547,168.58999633789062,141.38148498535156,396.1003723144531,194.77000427246094
2024-02-22,182.70721435546875,174.5800018310547,142.90884399414062,405.42724609375,197.41000366210938
2024-02-23,180.87388610839844,174.99000549316406,142.77992248535156,404.13702392578125,191.97000122070312
2024-02-26,179.5261688232422,174.72999572753906,136.4423065185547,401.3793029785156,199.39999389648438
2024-02-27,180.98291015625,173.5399932861328,137.74156188964844,401.3202819824219,199.72999572753906
2024-02-28,179.78379821777344,173.16000366210938,135.26206970214844,401.556640625,202.0399932861328
2024-02-29,179.119873046875,176.75999450683594,137.32501220703125,407.38714599609375,201.8800048828125
2024-03-01,178.03970336914062,178.22000122070312,136.01583862304688,409.21905517578125,202.63999938964844
2024-03-04,173.52081298828125,177.5800018310547,132.2568817138672,408.64776611328125,188.13999938964844
2024-03-05,168.58572387695312,174.1199951171875,131.58245849609375,396.563232421875,180.74000549316406
2024-03-06,167.59475708007812,173.50999450683594,130.32289123535156,396.01177978515625,176.5399932861328
2024-03-07,167.475830078125,176.82000732421875,133.27845764160156,402.95513916015625,178.64999389648438
2024-03-08,169.1902313232422,175.35000610351562,134.3000030517578,400.0792541503906,175.33999633789062
2024-03-11,171.19200134277344,171.9600067138672,136.54147338867188,398.4049987792969,177.77000427246094
2024-03-12,171.6676788330078,175.38999938964844,137.36468505859375,409.0023498535156,177.5399932861328
2024-03-13,169.58660888671875,176.55999755859375,138.6440887451172,408.82513427734375,169.47999572753906
2024-03-14,171.43975830078125,178.75,141.9269561767578,418.7920837402344,162.5
2024-03-15,171.0631561279297,174.4199981689453,140.02267456054688,410.1250915527344,163.57000732421875
2024-03-18,172.15325927734375,174.47999572753906,146.4694061279297,411.0115051269531,173.8000030517578
2024-03-19,174.49197387695312,175.89999389648438,145.8247833251953,415.0397033691406,171.32000732421875
2024-03-20,177.05862426757812,178.14999389648438,147.52073669433594,418.80194091796875,175.66000366210938
2024-03-21,169.82444763183594,178.14999389648438,146.3900909423828,422.8793640136719,172.82000732421875
2024-03-22,170.7262725830078,178.8699951171875,149.5341033935547,422.2588806152344,170.8300018310547
2024-03-25,169.30914306640625,179.7100067138672,148.83985900878906,416.4678039550781,172.6300048828125
2024-03-26,168.17941284179688,178.3000030517578,149.4349365234375,415.27606201171875,177.6699981689453
2024-03-27,171.74696350097656,179.8300018310547,149.63328552246094,415.05938720703125,179.8300018310547
2024-03-28,169.93344116210938,180.3800048828125,149.6927947998047,414.360107421875,175.7899932861328
2024-04-01,168.4965362548828,180.97000122070312,154.21542358398438,418.15191650390625,175.22000122070312
2024-04-02,167.31727600097656,180.69000244140625,153.29302978515625,415.0691833496094,166.6300048828125
2024-04-03,168.11996459960938,182.41000366210938,153.6500701904297,414.09417724609375,168.3800048828125
2024-04-04,167.2974395751953,180.0,149.29608154296875,411.56304931640625,171.11000061035156
2024-04-05,168.05059814453125,185.07000732421875,151.2499237060547,419.0874938964844,164.89999389648438
2024-04-08,166.9307861328125,185.19000244140625,153.58065795898438,418.1716613769531,172.97999572753906
2024-04-09,168.1397705078125,185.6699981689453,155.31631469726562,419.8360595703125,176.8800048828125
2024-04-10,166.26683044433594,185.9499969482422,154.86007690429688,416.86175537109375,171.75999450683594
2024-04-11,173.46133422851562,189.0500030517578,158.10328674316406,421.4610900878906,174.60000610351562
2024-04-12,174.95774841308594,186.1300048828125,156.43702697753906,415.5222473144531,171.0500030517578
2024-04-15,171.13255310058594,183.6199951171875,153.590576171875,407.38714599609375,161.47999572753906
2024-04-16,167.8524169921875,183.32000732421875,153.1343536376953,408.3128967285156,157.11000061035156
2024-04-17,166.48484802246094,181.27999877929688,154.19557189941406,405.6143493652344,155.4499969482422
2024-04-18,165.5334930419922,179.22000122070312,154.7311248779297,398.15875244140625,149.92999267578125
2024-04-19,163.51190185546875,174.6300048828125,152.82688903808594,393.08660888671875,147.0500030517578
2024-04-22,164.3443145751953,177.22999572753906,154.99891662597656,394.8988342285156,142.0500030517578
2024-04-23,165.39476013183594,179.5399932861328,156.96270751953125,401.4089050292969,144.67999267578125
2024-04-24,167.49566650390625,176.58999633789062,157.82559204101562,402.8763427734375,162.1300048828125
2024-04-25,168.35781860351562,173.6699981689453,154.72122192382812,393.00787353515625,170.17999267578125
2024-04-26,167.77313232421875,179.6199951171875,170.54049682617188,400.1778564453125,168.2899932861328
2024-04-29,171.9352264404297,180.9600067138672,164.7880096435547,396.1693115234375,194.0500030517578
2024-04-30,168.7938232421875,175.0,161.44566345214844,383.444580078125,183.27999877929688
2024-05-01,167.77313232421875,179.0,162.5167999267578,388.9698486328125,179.99000549316406
2024-05-02,171.469482421875,184.72000122070312,165.25416564941406,391.82598876953125,180.00999450683594
2024-05-03,181.72613525390625,186.2100067138672,165.86907958984375,400.5126647949219,181.19000244140625
2024-05-06,180.07118225097656,188.6999969482422,166.72203063964844,407.2886962890625,184.75999450683594
2024-05-07,180.7549591064453,188.75999450683594,169.84622192382812,403.1521301269531,177.80999755859375
2024-05-08,181.0919189453125,188.0,167.99154663085938,404.3340148925781,174.72000122070312
2024-05-09,182.9054412841797,189.5,168.56680297851562,406.0871276855469,171.97000122070312
2024-05-10,181.64517211914062,187.47999572753906,167.26751708984375,408.47052001953125,168.47000122070312
2024-05-13,184.85032653808594,186.57000732421875,167.75350952148438,407.46588134765625,171.88999938964844
2024-05-14,185.99151611328125,187.07000732421875,168.9436798095703,410.2629699707031,177.5500030517578
2024-05-15,188.2639923095703,185.99000549316406,171.09588623046875,417.43597412109375,173.99000549316406
2024-05-16,188.38304138183594,183.6300048828125,172.75221252441406,415.3738708496094,174.83999633789062
2024-05-17,188.41281127929688,184.6999969482422,174.61679077148438,414.60430908203125,177.4600067138672
2024-05-20,189.57382202148438,183.5399932861328,175.46975708007812,419.6658630371094,174.9499969482422
2024-05-21,190.873779296875,183.14999389648438,176.39212036132812,423.3164978027344,186.60000610351562
2024-05-22,189.4348907470703,183.1300048828125,174.93418884277344,424.7767639160156,180.11000061035156
2024-05-23,185.44577026367188,181.0500030517578,172.12734985351562,421.3037109375,173.74000549316406
2024-05-24,188.52194213867188,180.75,173.55557250976562,424.42156982421875,179.24000549316406
2024-05-28,188.5319061279297,182.14999389648438,174.95399475097656,424.5794677734375,176.75
2024-05-29,188.82958984375,182.02000427246094,174.45809936523438,423.4447937011719,176.19000244140625
2024-05-30,189.82191467285156,179.32000732421875,170.69915771484375,409.1382141113281,178.7899932861328
2024-05-31,190.77455139160156,176.44000244140625,171.08596801757812,409.5920715332031,178.0800018310547
2024-06-03,192.5408935546875,178.33999633789062,171.75048828125,408.0035400390625,176.2899932861328
2024-06-04,192.85842895507812,179.33999633789062,172.36537170410156,410.5195007324219,174.77000427246094
2024-06-05,194.36676025390625,181.27999877929688,173.9721221923828,418.3536682128906,175.0
2024-06-06,192.98741149902344,185.0,175.28128051757812,418.8568115234375,177.94000244140625
2024-06-07,195.3789520263672,184.3000030517578,173.0299072265625,418.1957702636719,177.47999572753906
2024-06-10,191.63784790039062,187.05999755859375,173.77459716796875,422.162109375,173.7899932861328
2024-06-11,205.5601806640625,187.22999572753906,175.37327575683594,426.907958984375,170.66000366210938
2024-06-12,211.4347686767578,186.88999938964844,176.5349884033203,435.1761474609375,177.2899932861328
2024-06-13,212.5957794189453,183.8300018310547,173.9235382080078,435.6892395019531,182.47000122070312
2024-06-14,210.8592071533203,183.66000366210938,175.54205322265625,436.6659851074219,178.00999450683594
2024-06-17,215.0071258544922,184.05999755859375,175.98887634277344,442.3886413574219,187.44000244140625
2024-06-18,212.64537048339844,182.80999755859375,173.85406494140625,440.3857116699219,184.86000061035156
2024-06-20,208.07077026367188,186.10000610351562,175.05551147460938,439.7542419433594,181.57000732421875
2024-06-21,205.89759826660156,189.0800018310547,178.36199951171875,443.77984619140625,183.00999450683594
2024-06-24,206.54258728027344,185.57000732421875,177.95489501953125,441.697998046875,182.5800018310547
2024-06-25,207.46548461914062,186.33999633789062,182.73095703125,444.9342041015625,187.35000610351562
2024-06-26,211.61337280273438,193.61000061035156,182.58200073242188,446.1280822753906,196.3699951171875
2024-06-27,212.45687866210938,197.85000610351562,184.1011962890625,446.80889892578125,197.4199981689453
2024-06-28,209.0035400390625,193.25,180.8642120361328,440.987548828125,197.8800048828125
2024-07-01,215.0865020751953,197.1999969482422,181.69830322265625,450.6371154785156,209.86000061035156
2024-07-02,218.57949829101562,200.0,183.9324188232422,453.1531066894531,231.25999450683594
2024-07-03,219.8496856689453,197.58999633789062,184.50828552246094,454.62322998046875,246.38999938964844
2024-07-05,224.60292053222656,200.0,189.25454711914062,461.3226318359375,251.52000427246094
2024-07-08,226.07156372070312,199.2899932861328,187.6956329345703,460.020263671875,252.94000244140625
2024-07-09,226.92494201660156,199.33999633789062,187.64599609375,453.40960693359375,262.3299865722656
2024-07-10,231.19198608398438,199.7899932861328,189.8304443359375,460.0301208496094,263.260009765625
2024-07-11,225.823486328125,195.0500030517578,184.2600860595703,448.6342468261719,241.02999877929688
2024-07-12,228.77069091796875,194.49000549316406,183.7635955810547,447.49957275390625,248.22999572753906
2024-07-15,232.60105895996094,192.72000122070312,185.2133026123047,447.904052734375,252.63999938964844
2024-07-16,233.01783752441406,193.02000427246094,182.6217041015625,443.5232849121094,256.55999755859375
2024-07-17,227.1234130859375,187.92999267578125,179.74220275878906,437.6033630371094,248.5
2024-07-18,222.45947265625,183.75,176.43568420410156,434.495361328125,249.22999572753906
2024-07-19,222.58851623535156,183.1300048828125,176.4058837890625,431.2788391113281,239.1999969482422
2024-07-22,222.24119567871094,182.5500030517578,180.38758850097656,437.0310974121094,251.50999450683594
2024-07-23,223.28314208984375,186.41000366210938,180.50674438476562,438.9156188964844,246.3800048828125
2024-07-24,216.86277770996094,180.8300018310547,171.41140747070312,423.17840576171875,215.99000549316406
2024-07-25,215.8208465576172,179.85000610351562,166.09915161132812,412.8184509277344,220.25
2024-07-26,216.28726196289062,182.5,165.82113647460938,419.5968017578125,219.8000030517578
2024-07-29,216.56509399414062,183.1999969482422,168.33326721191406,421.0373229980469,232.10000610351562
2024-07-30,217.12078857421875,181.7100067138672,169.08792114257812,417.2781677246094,222.6199951171875
2024-07-31,220.3756103515625,186.97999572753906,170.32908630371094,412.7691345214844,232.07000732421875
2024-08-01,216.68414306640625,184.07000732421875,169.5546112060547,411.5456848144531,216.86000061035156
2024-08-02,218.17263793945312,167.89999389648438,165.4835662841797,403.0406494140625,207.6699981689453
2024-08-05,207.66390991210938,161.02000427246094,158.1258544921875,389.8786315917969,198.8800048828125
2024-08-06,205.6395721435547,161.92999267578125,157.17263793945312,394.2790832519531,200.63999938964844
2024-08-07,208.20970153808594,162.77000427246094,157.8180694580078,393.1148681640625,191.75999450683594
2024-08-08,211.6729278564453,165.8000030517578,160.88623046875,397.3180847167969,198.83999633789062
2024-08-09,214.5804443359375,166.94000244140625,162.51467895507812,400.6036071777344,200.0
2024-08-12,216.11038208007812,166.8000030517578,161.14439392089844,401.383056640625,197.49000549316406
2024-08-13,219.8260040283203,170.22999572753906,163.00120544433594,408.487060546875,207.8300018310547
2024-08-14,220.27304077148438,170.10000610351562,159.2379608154297,411.2989501953125,201.3800048828125
2024-08-15,223.2534637451172,177.58999633789062,160.16139221191406,416.162109375,214.13999938964844
2024-08-16,224.5747833251953,177.05999755859375,161.80967712402344,413.6317138671875,216.1199951171875
2024-08-19,224.4158477783203,178.22000122070312,165.49346923828125,416.65631103515625,222.72000122070312
2024-08-20,225.03176879882812,178.8800048828125,165.9998779296875,419.8885192871094,221.10000610351562
2024-08-21,224.92250061035156,180.11000061035156,164.67926025390625,419.2361755371094,223.27000427246094
2024-08-22,223.064697265625,176.1300048828125,162.6437530517578,410.7454528808594,210.66000366210938
2024-08-23,225.359619140625,177.0399932861328,164.45089721679688,411.97113037109375,220.32000732421875
2024-08-26,225.69740295410156,175.5,164.9871063232422,408.709228515625,213.2100067138672
2024-08-27,226.54185485839844,173.1199951171875,163.51751708984375,409.0552673339844,209.2100067138672
2024-08-28,225.01193237304688,170.8000030517578,161.70045471191406,405.85272216796875,205.75
2024-08-29,228.29039001464844,172.1199951171875,160.6380157470703,408.3435363769531,206.27999877929688
2024-08-30,227.5055389404297,178.5,162.22671508789062,412.3171081542969,214.11000061035156
2024-09-03,221.3162078857422,176.25,156.2491912841797,404.70611572265625,210.60000610351562
2024-09-04,219.4087371826172,173.3300018310547,155.34561157226562,404.17236328125,219.41000366210938
2024-09-05,220.9287567138672,177.88999938964844,156.1300506591797,403.6682434082031,230.1699981689453
2024-09-06,219.37892150878906,171.38999938964844,149.85464477539062,397.0556335449219,210.72999572753906
2024-09-09,219.46835327148438,175.39999389648438,147.856201171875,401.0291442871094,216.27000427246094
2024-09-10,218.67355346679688,179.5500030517578,147.80648803710938,409.4111022949219,226.1699981689453
2024-09-11,221.2069091796875,184.52000427246094,150.29214477539062,418.1488952636719,228.1300048828125
2024-09-12,221.3162078857422,187.0,153.8018798828125,422.0630798339844,229.80999755859375
2024-09-13,221.04795837402344,186.49000549316406,156.55596923828125,425.611572265625,230.2899932861328
2024-09-16,214.9082794189453,184.88999938964844,157.15252685546875,426.3529052734375,226.77999877929688
2024-09-17,215.37521362304688,186.8800048828125,158.40530395507812,430.1188659667969,227.8699951171875
2024-09-18,219.24977111816406,186.42999267578125,158.89248657226562,425.8290100097656,227.1999969482422
2024-09-19,227.3763885498047,189.8699951171875,161.2091064453125,433.617919921875,243.9199981689453
2024-09-20,226.71075439453125,191.60000610351562,162.65074157714844,430.2374572753906,238.25
2024-09-23,224.99205017089844,193.8800048828125,160.9207763671875,428.497802734375,250.0
2024-09-24,225.8861846923828,193.9600067138672,161.3582305908203,424.2080078125,254.27000427246094
2024-09-25,224.89268493652344,192.52999877929688,160.5628204345703,427.114013671875,257.0199890136719
2024-09-26,226.0352020263672,191.16000366210938,161.7957000732422,426.3232421875,254.22000122070312
2024-09-27,226.3034210205078,187.97000122070312,163.00869750976562,423.0712890625,260.4599914550781
2024-09-30,231.4794158935547,186.3300018310547,164.89781188964844,425.324951171875,261.6300048828125
2024-10-01,224.73374938964844,185.1300048828125,166.03125,415.8260192871094,258.0199890136719
2024-10-02,225.30001831054688,184.75999450683594,164.90774536132812,412.3072204589844,249.02000427246094
2024-10-03,224.197265625,181.9600067138672,164.90774536132812,411.7240295410156,240.66000366210938
2024-10-04,225.31991577148438,186.50999450683594,166.100830078125,411.24957275390625,250.0800018310547
2024-10-07,220.24325561523438,180.8000030517578,162.04425048828125,404.8049621582031,240.8300018310547
2024-10-08,224.29660034179688,182.72000122070312,163.4362335205078,409.9151916503906,244.5
2024-10-09,228.04200744628906,185.1699981689453,160.9307098388672,412.6333923339844,241.0500030517578
2024-10-10,227.54525756835938,186.64999389648438,161.14942932128906,411.0321044921875,238.77000427246094
2024-10-11,226.06500244140625,188.82000732421875,162.30279541015625,411.5065612792969,217.8000030517578
2024-10-14,229.79054260253906,187.5399932861328,164.0128936767578,414.2939758300781,219.16000366210938
2024-10-15,232.32388305664062,187.69000244140625,164.51004028320312,413.8985595703125,219.57000732421875
2024-10-16,230.26739501953125,186.88999938964844,164.21176147460938,411.3088684082031,221.3300018310547
2024-10-17,230.63497924804688,187.52999877929688,161.9945526123047,411.9019470214844,220.88999938964844
2024-10-18,233.46640014648438,188.99000549316406,162.4817352294922,413.3253173828125,220.6999969482422
2024-10-21,234.9367218017578,189.07000732421875,163.12802124023438,413.93817138671875,218.85000610351562
2024-10-22,234.32077026367188,189.6999969482422,164.19187927246094,422.56719970703125,217.97000122070312
2024-10-23,229.25404357910156,184.7100067138672,161.8454132080078,419.6908264160156,213.64999389648438
2024-10-24,229.06527709960938,186.3800048828125,161.78575134277344,419.8193359375,260.4800109863281
2024-10-25,229.89981079101562,187.8300018310547,164.32113647460938,423.1997985839844,269.19000244140625
2024-10-28,231.8768310546875,188.38999938964844,165.7628173828125,421.6578369140625,262.510009765625
2024-10-29,232.1450653076172,190.8300018310547,168.70578002929688,426.95587158203125,259.5199890136719
2024-10-30,228.59837341308594,192.72999572753906,173.45835876464844,427.5291442871094,257.54998779296875
2024-10-31,224.43569946289062,186.39999389648438,170.12759399414062,401.65185546875,249.85000610351562
2024-11-01,221.45529174804688,197.92999267578125,170.30654907226562,405.6253662109375,248.97999572753906
2024-11-04,220.56114196777344,195.77999877929688,168.26832580566406,403.7373962402344,242.83999633789062
2024-11-05,221.99176025390625,199.5,168.76548767089844,406.7027587890625,251.44000244140625
2024-11-06,221.26649475097656,207.08999633789062,175.49658203125,415.3219299316406,288.5299987792969
2024-11-07,225.99545288085938,210.0500030517578,179.7122344970703,420.51123046875,296.9100036621094
2024-11-08,225.7269287109375,208.17999267578125,177.32603454589844,417.6546936035156,321.2200012207031
2024-11-11,223.01174926757812,206.83999633789062,179.31454467773438,413.17706298828125,350.0
2024-11-12,223.01174926757812,208.91000366210938,180.57723999023438,418.13897705078125,328.489990234375
2024-11-13,223.8969268798828,214.10000610351562,177.8529815673828,420.2839050292969,330.239990234375
2024-11-14,226.98008728027344,211.47999572753906,174.5718994140625,421.9543762207031,311.17999267578125
2024-11-15,223.77755737304688,202.61000061035156,171.4996795654297,410.20184326171875,320.7200012207031
2024-11-18,226.7811737060547,201.6999969482422,174.2935333251953,410.95306396484375,338.739990234375
2024-11-19,227.0397491455078,204.61000061035156,177.09732055664062,412.9595642089844,346.0
2024-11-20,227.75582885742188,202.8800048828125,174.96961975097656,410.68609619140625,342.0299987792969
2024-11-21,227.27845764160156,198.3800048828125,166.66757202148438,408.9132995605469,339.6400146484375
2024-11-22,228.62110900878906,197.1199951171875,163.81402587890625,413.00372314453125,352.55999755859375
2024-11-25,231.6048126220703,201.4499969482422,166.6874542236328,414.776611328125,338.5899963378906
2024-11-26,233.7829132080078,207.86000061035156,168.1490020751953,423.8883972167969,338.2300109863281
2024-11-27,233.65362548828125,205.74000549316406,168.2583770751953,418.9363098144531,332.8900146484375
2024-11-29,236.04058837890625,207.88999938964844,167.97998046875,419.40185546875,345.1600036621094
2024-12-02,238.2882843017578,210.7100067138672,170.5054168701172,426.8497619628906,357.0899963378906
2024-12-03,241.33168029785156,213.44000244140625,170.35626220703125,427.06768798828125,351.4200134277344
2024-12-04,241.68972778320312,218.16000366210938,173.36886596679688,433.22802734375,357.92999267578125
2024-12-05,241.7195587158203,220.5500030517578,171.6488037109375,438.37823486328125,369.489990234375
2024-12-06,241.5206298828125,227.02999877929688,173.70692443847656,439.3191223144531,389.2200012207031
2024-12-09,245.40940856933594,226.08999633789062,174.56295776367188,441.7456359863281,389.7900085449219
2024-12-10,246.4238739013672,225.0399932861328,184.31787109375,439.0813903808594,400.989990234375
2024-12-11,245.1508026123047,230.25999450683594,194.50079345703125,444.6871643066406,424.7699890136719
2024-12-12,246.61282348632812,228.97000122070312,191.07662963867188,445.2516784667969,418.1000061035156
2024-12-13,246.7819061279297,227.4600067138672,188.9464874267578,442.983642578125,436.2300109863281
2024-12-16,249.6760711669922,232.92999267578125,195.7550048828125,447.26226806640625,463.0199890136719
2024-12-17,252.1028289794922,231.14999389648438,194.52069091796875,450.104736328125,479.8599853515625
2024-12-18,246.70233154296875,220.52000427246094,187.5330047607422,433.1983337402344,440.1300048828125
2024-12-19,248.43287658691406,223.2899932861328,187.64248657226562,432.841796875,436.1700134277344
2024-12-20,253.1073760986328,224.9199981689453,190.52915954589844,432.4159240722656,421.05999755859375
2024-12-23,253.88311767578125,225.05999755859375,193.73434448242188,431.0788879394531,430.6000061035156
2024-12-24,256.7972106933594,229.0500030517578,195.20751953125,435.1197509765625,462.2799987792969
2024-12-26,257.61273193359375,227.0500030517578,194.69989013671875,433.9114074707031,454.1300048828125
2024-12-27,254.20138549804688,223.75,191.87290954589844,426.404052734375,431.6600036621094
2024-12-30,250.82980346679688,221.3000030517578,190.3599395751953,420.7586975097656,417.4100036621094
2024-12-31,249.05946350097656,219.38999938964844,188.42886352539062,417.4606018066406,403.8399963378906
2025-01-02,242.52517700195312,220.22000122070312,188.5582733154297,414.5685729980469,379.2799987792969
2025-01-03,242.03782653808594,224.19000244140625,190.9073944091797,419.2928771972656,410.44000244140625
2025-01-06,243.66893005371094,227.61000061035156,195.9640350341797,423.7497863769531,411.04998779296875
2025-01-07,240.89407348632812,222.11000061035156,194.59039306640625,418.322265625,394.3599853515625
2025-01-08,241.3813934326172,222.1300048828125,193.05747985839844,420.49127197265625,394.94000244140625
2025-01-10,235.56320190429688,218.94000244140625,191.15625,414.93505859375,394.739990234375
2025-01-13,233.12649536132812,218.4600067138672,190.1309814453125,413.1919250488281,403.30999755859375
2025-01-14,232.0125732421875,217.75999450683594,188.78720092773438,411.6864929199219,396.3599853515625
2025-01-15,236.57763671875,223.35000610351562,194.65011596679688,422.2244873046875,428.2200012207031
2025-01-16,227.01983642578125,220.66000366210938,192.0222625732422,420.5110778808594,413.82000732421875
2025-01-17,228.73052978515625,225.94000244140625,195.0980224609375,424.91845703125,426.5
2025-01-21,221.4303741455078,230.7100067138672,197.13861083984375,424.3935241699219,424.07000732421875
2025-01-22,222.61392211914062,235.00999450683594,197.45712280273438,441.9239196777344,415.1099853515625
2025-01-23,222.4448699951172,235.4199981689453,197.06893920898438,442.42901611328125,412.3800048828125
2025-01-24,221.5696258544922,234.85000610351562,199.28866577148438,439.8044128417969,406.5799865722656
2025-01-27,228.6111602783203,235.4199981689453,190.92730712890625,430.39544677734375,397.1499938964844
2025-01-28,236.9655303955078,238.14999389648438,194.4012451171875,442.91436767578125,398.0899963378906
2025-01-29,238.05955505371094,237.07000732421875,194.5107421875,438.0909423828125,389.1000061035156
2025-01-30,236.2991485595703,234.63999938964844,199.94561767578125,411.01300048828125,400.2799987792969
2025-01-31,234.71780395507812,237.67999267578125,203.08111572265625,411.08233642578125,404.6000061035156
2025-02-03,226.77122497558594,237.4199981689453,200.303955078125,406.9820556640625,383.67999267578125
2025-02-04,231.5352020263672,242.05999755859375,205.4302978515625,408.4180908203125,392.2099914550781
2025-02-05,231.2069854736328,236.1699981689453,190.44952392578125,409.3293151855469,378.1700134277344
2025-02-06,231.95291137695312,238.8300018310547,190.71829223632812,411.8350524902344,374.32000732421875
2025-02-07,226.39328002929688,229.14999389648438,184.48709106445312,405.8232116699219,361.6199951171875
2025-02-10,226.66209411621094,233.13999938964844,185.61187744140625,408.26953125,350.7300109863281
2025-02-11,231.61053466796875,232.75999450683594,184.4671630859375,407.49700927734375,328.5
2025-02-12,235.8420867919922,228.92999267578125,182.76504516601562,405.1199951171875,336.510009765625
2025-02-13,240.48187255859375,230.3699951171875,185.28341674804688,406.6056213378906,355.94000244140625
2025-02-14,243.53854370117188,228.67999267578125,184.37759399414062,404.515869140625,355.8399963378906
2025-02-18,243.40911865234375,226.64999389648438,182.92431640625,405.7142639160156,354.1099853515625
2025-02-19,243.807373046875,226.6300048828125,184.4174041748047,410.79510498046875,360.55999755859375
2025-02-20,244.76321411132812,222.8800048828125,183.71067810058594,412.968505859375,354.3999938964844
2025-02-21,244.48443603515625,216.5800018310547,178.83322143554688,405.108642578125,337.79998779296875
2025-02-24,246.0277099609375,212.7100067138672,178.42510986328125,400.93060302734375,330.5299987792969
2025-02-25,245.96795654296875,212.8000030517578,174.61273193359375,394.876953125,302.79998779296875
2025-02-26,239.31695556640625,214.35000610351562,171.93511962890625,396.69305419921875,290.79998779296875
2025-02-27,236.27023315429688,208.74000549316406,167.72459411621094,389.54779052734375,281.95001220703125
2025-02-28,240.79052734375,212.27999877929688,169.49639892578125,393.973876953125,292.9800109863281
2025-03-03,236.99705505371094,205.02000427246094,166.24143981933594,385.5384521484375,284.6499938964844
2025-03-04,234.9061737060547,203.8000030517578,170.13343811035156,385.6575622558594,272.0400085449219
2025-03-05,234.7169952392578,208.36000061035156,172.2238006591797,397.9732666015625,279.1000061035156
2025-03-06,234.3087615966797,200.6999969482422,171.55685424804688,393.8746643066406,263.45001220703125
2025-03-07,238.0325469970703,199.25,173.0599365234375,390.3218688964844,262.6700134277344
2025-03-10,226.4928436279297,194.5399932861328,165.2968292236328,377.2717590332031,222.14999389648438
2025-03-11,219.88165283203125,196.58999633789062,163.47314453125,377.5595397949219,230.5800018310547
2025-03-12,216.03842163085938,198.88999938964844,166.53256225585938,380.3581237792969,248.08999633789062
2025-03-13,208.7700958251953,193.88999938964844,162.19760131835938,375.892333984375,240.67999267578125
2025-03-14,212.56356811523438,197.9499969482422,164.91815185546875,385.60791015625,249.97999572753906
2025-03-17,213.07135009765625,195.74000549316406,163.72227478027344,385.74688720703125,238.00999450683594
2025-03-18,211.7670440673828,192.82000732421875,160.11480712890625,380.6062316894531,225.30999755859375
2025-03-19,214.30596923828125,195.5399932861328,163.32366943359375,384.8735656738281,235.86000061035156
2025-03-20,213.17091369628906,194.9499969482422,162.23744201660156,383.9009704589844,236.25999450683594
2025-03-21,217.32281494140625,196.2100067138672,163.42333984375,388.2874450683594,248.7100067138672
2025-03-24,219.7721405029297,203.25999450683594,167.10057067871094,390.0935974121094,278.3900146484375
2025-03-25,222.77903747558594,205.7100067138672,169.9706268310547,392.1578063964844,288.1400146484375
2025-03-26,220.5686492919922,201.1300048828125,164.48960876464844,387.0072326660156,272.05999755859375
2025-03-27,222.8785858154297,201.36000061035156,161.67938232421875,387.6125793457031,273.1300048828125
2025-03-28,216.95440673828125,192.72000122070312,153.7967071533203,375.92205810546875,263.54998779296875
2025-03-31,221.1660614013672,190.25999450683594,154.10565185546875,372.5379943847656,259.1600036621094
2025-04-01,222.22146606445312,192.1699981689453,156.52725219726562,379.2863464355469,268.4599914550781
2025-04-02,222.91842651367188,196.00999450683594,156.49734497070312,379.23675537109375,282.760009765625
2025-04-03,202.3082733154297,178.41000366210938,150.19920349121094,370.2752990722656,267.2799987792969
2025-04-04,187.56253051757812,171.0,145.0968780517578,357.1061706542969,239.42999267578125
2025-04-07,180.6725616455078,175.25999450683594,146.24290466308594,355.14117431640625,233.2899932861328
2025-04-08,171.6717987060547,170.66000366210938,144.1999969482422,351.8662414550781,221.86000061035156
2025-04-09,197.98709106445312,191.10000610351562,158.1615753173828,387.52325439453125,272.20001220703125
2025-04-10,189.5936737060547,181.22000122070312,152.2919464111328,378.45269775390625,252.39999389648438
2025-04-11,197.2901153564453,184.8699951171875,156.59701538085938,385.4988098144531,252.30999755859375
2025-04-14,201.6411590576172,182.1199951171875,158.5203399658203,384.8636169433594,252.35000610351562
2025-04-15,201.2628173828125,179.58999633789062,155.76988220214844,382.7994384765625,254.11000061035156
2025-04-16,193.4269561767578,174.3300018310547,152.8001708984375,368.7867126464844,241.5500030517578
2025-04-17,196.1251983642578,172.61000061035156,150.63766479492188,364.9858093261719,241.3699951171875
2025-04-21,192.32176208496094,167.32000732421875,147.15972900390625,356.3916015625,227.5
2025-04-22,198.8732452392578,173.17999267578125,150.94659423828125,364.03314208984375,237.97000122070312
2025-04-23,203.71214294433594,180.60000610351562,154.81320190429688,371.54559326171875,250.74000549316406
2025-04-24,207.4657745361328,186.5399932861328,158.7296142578125,384.3575134277344,259.510009765625
2025-04-25,208.371826171875,188.99000549316406,161.40036010742188,388.8729553222656,284.95001220703125
2025-04-28,209.2281036376953,187.6999969482422,160.05502319335938,388.1882019042969,285.8800048828125
2025-04-29,210.29344177246094,187.38999938964844,159.6065673828125,391.0462951660156,292.0299987792969
2025-04-30,211.57786560058594,184.4199981689453,158.2512664794922,392.25701904296875,282.1600036621094
2025-05-01,212.39430236816406,190.1999969482422,160.7426300048828,422.16802978515625,280.5199890136719
2025-05-02,204.45889282226562,189.97999572753906,163.46319580078125,431.97296142578125,287.2099914550781
2025-05-05,198.02691650390625,186.35000610351562,163.64259338378906,432.856201171875,280.260009765625
2025-05-06,197.6485595703125,185.00999450683594,162.66595458984375,430.0179443359375,275.3500061035156
2025-05-07,195.39837646484375,188.7100067138672,150.85691833496094,430.0576477050781,276.2200012207031
2025-05-08,196.63299560546875,192.0800018310547,153.7468719482422,434.84100341796875,284.82000732421875
2025-05-09,197.66847229003906,193.05999755859375,152.22218322753906,435.3967590332031,298.260009765625
2025-05-12,210.15048217773438,208.63999938964844,157.91246032714844,445.84674072265625,318.3800048828125
2025-05-13,212.28399658203125,211.3699951171875,158.97872924804688,445.72772216796875,334.07000732421875
2025-05-14,211.6858367919922,210.25,164.79855346679688,449.4988098144531,347.67999267578125
2025-05-15,210.80850219726562,205.1699981689453,163.39344787597656,450.5129089355469,342.82000732421875
2025-05-16,210.6190643310547,205.58999633789062,165.61572265625,451.6463317871094,349.9800109863281
2025-05-19,208.14659118652344,206.16000366210938,165.96450805664062,456.2197570800781,342.0899963378906
2025-05-20,206.232421875,204.07000732421875,163.4133758544922,455.5238342285156,343.82000732421875
2025-05-21,201.47689819335938,201.1199951171875,167.9775390625,449.9561767578125,334.6199951171875
2025-05-22,200.7490997314453,203.10000610351562,170.27955627441406,452.2329406738281,341.0400085449219
2025-05-23,194.67758178710938,200.99000549316406,167.88784790039062,447.5799560546875,339.3399963378906
2025-05-27,199.60260009765625,206.02000427246094,172.30255126953125,458.0292663574219,362.8900146484375
2025-05-28,199.8119659423828,204.72000122070312,171.764404296875,454.7184753417969,356.8999938964844
2025-05-29,199.3433837890625,205.6999969482422,171.26614379882812,456.0308837890625,358.42999267578125
2025-05-30,200.24066162109375,205.00999450683594,171.14657592773438,457.7011413574219,346.4599914550781
2025-06-02,201.08807373046875,206.64999389648438,168.4459228515625,459.3018493652344,342.69000244140625
2025-06-03,202.6533203125,205.7100067138672,165.6057586669922,460.29608154296875,344.2699890136719
2025-06-04,202.2046661376953,207.22999572753906,167.46932983398438,461.1908874511719,332.04998779296875
2025-06-05,200.0213165283203,207.91000366210938,167.62875366210938,464.9788818359375,284.70001220703125
2025-06-06,203.30133056640625,213.57000732421875,173.07984924316406,467.6632995605469,295.1400146484375
2025-06-09,200.8388214111328,216.97999572753906,175.6939697265625,470.0196228027344,308.5799865722656
2025-06-10,202.0551300048828,217.61000061035156,178.1983184814453,468.2001953125,326.0899963378906
2025-06-11,198.1769256591797,213.1999969482422,176.95114135742188,469.890380859375,326.42999267578125
2025-06-12,198.5956573486328,213.24000549316406,175.30484008789062,476.104248046875,319.1099853515625
2025-06-13,195.85400390625,212.10000610351562,174.2771453857422,472.2168273925781,325.30999755859375
2025-06-16,197.81802368164062,216.10000610351562,176.37245178222656,476.3727111816406,329.1300048828125
2025-06-17,195.04644775390625,214.82000732421875,175.5542755126953,475.279052734375,316.3500061035156
2025-06-18,195.98361206054688,212.52000427246094,172.93020629882812,477.4663391113281,322.04998779296875
2025-06-20,200.39019775390625,209.69000244140625,166.2652130126953,474.6427307128906,322.1600036621094
2025-06-23,200.888671875,208.47000122070312,164.81846618652344,483.1930847167969,348.67999267578125
2025-06-24,199.69232177734375,212.77000427246094,166.3949432373047,487.279296875,340.4700012207031
2025-06-25,200.948486328125,211.99000549316406,170.29611206054688,489.4268493652344,327.54998779296875
2025-06-26,200.39019775390625,217.1199951171875,173.1497039794922,494.57696533203125,325.7799987792969
2025-06-27,200.469970703125,223.3000030517578,178.1284637451172,493.0756530761719,323.6300048828125
2025-06-30,204.54754638671875,219.38999938964844,175.8336639404297,494.5372009277344,317.6600036621094
2025-07-01,207.18951416015625,220.4600067138672,175.44451904296875,489.2081298828125,300.7099914550781
2025-07-02,211.7954864501953,219.9199981689453,178.23822021484375,488.2536926269531,315.6499938964844
2025-07-03,212.90211486816406,223.41000366210938,179.126220703125,495.95892333984375,315.3500061035156
2025-07-07,209.3130340576172,223.47000122070312,176.39239501953125,494.84539794921875,293.94000244140625
2025-07-08,209.37286376953125,219.36000061035156,173.96786499023438,493.7517395019531,297.80999755859375
2025-07-09,210.4994354248047,222.5399932861328,176.2227783203125,500.6019592285156,295.8800048828125
2025-07-10,211.76559448242188,222.25999450683594,177.2205047607422,498.58367919921875,309.8699951171875
2025-07-11,210.5193634033203,225.02000427246094,179.7847442626953,500.4130554199219,313.510009765625
2025-07-14,207.98707580566406,225.69000244140625,181.1516571044922,500.1147766113281,316.8999938964844
2025-07-15,208.47560119628906,226.35000610351562,181.59068298339844,502.89862060546875,310.7799987792969
2025-07-16,209.52239990234375,223.19000244140625,182.55848693847656,502.69976806640625,321.6700134277344
2025-07-17,209.38282775878906,223.8800048828125,183.16712951660156,508.7446594238281,319.4100036621094
2025-07-18,210.539306640625,226.1300048828125,184.64378356933594,507.10418701171875,329.6499938964844
2025-07-21,211.8353729248047,229.3000030517578,189.67245483398438,507.1141357421875,328.489990234375
2025-07-22,213.74952697753906,227.47000122070312,190.90966796875,502.3517761230469,332.1099853515625
2025-07-23,213.50030517578125,228.2899932861328,189.80215454101562,502.94830322265625,332.55999755859375
2025-07-24,213.11148071289062,232.22999572753906,191.73779296875,507.9294128417969,305.29998779296875
2025-07-25,213.2311248779297,231.44000244140625,192.74551391601562,510.7430419921875,316.05999755859375
2025-07-28,213.40061950683594,232.7899932861328,192.14688110351562,509.5400390625,325.5899963378906
2025-07-29,210.62904357910156,231.00999450683594,195.30975341796875,509.609619140625,321.20001220703125
2025-07-30,208.415771484375,230.19000244140625,196.08799743652344,510.2757568359375,319.0400085449219
2025-07-31,206.94027709960938,234.11000061035156,191.46839904785156,530.4187622070312,308.2699890136719
2025-08-01,201.76600646972656,214.75,188.7046356201172,521.0829467773438,302.6300048828125
2025-08-04,202.7330780029297,211.64999389648438,194.601318359375,532.5464477539062,309.260009765625
2025-08-05,202.3043670654297,213.75,194.23216247558594,524.701904296875,308.7200012207031
2025-08-06,212.60302734375,222.30999755859375,195.6489715576172,521.908203125,319.9100036621094
2025-08-07,219.36245727539062,223.1300048828125,196.07801818847656,517.8319091796875,322.2699890136719
2025-08-08,228.6541748046875,222.69000244140625,200.96697998046875,519.0248413085938,329.6499938964844
2025-08-11,226.747802734375,221.3000030517578,200.54794311523438,518.7564697265625,339.0299987792969
2025-08-12,229.21310424804688,221.47000122070312,202.88267517089844,526.183349609375,340.8399963378906
2025-08-13,232.88612365722656,224.55999755859375,201.5057830810547,517.5734252929688,339.3800048828125
2025-08-14,232.337158203125,230.97999572753906,202.4835662841797,519.46240234375,335.5799865722656
2025-08-15,231.1494140625,231.02999877929688,203.44140625,517.1657104492188,330.55999755859375
2025-08-18,230.4507598876953,231.49000549316406,203.0423126220703,514.1134643554688,335.1600036621094
2025-08-19,230.1213836669922,228.00999450683594,201.11666870117188,506.8257751464844,329.30999755859375
2025-08-20,225.5800323486328,223.80999755859375,198.87171936035156,502.7992248535156,323.8999938964844
2025-08-21,224.47215270996094,221.9499969482422,199.30075073242188,502.15185546875,320.1099853515625
2025-08-22,227.3267059326172,228.83999633789062,205.62648010253906,505.1295166015625,340.010009765625
2025-08-25,226.72784423828125,227.94000244140625,208.02110290527344,502.17181396484375,346.6000061035156
2025-08-26,228.87376403808594,228.7100067138672,206.67413330078125,499.96099853515625,351.6700134277344
2025-08-27,230.05152893066406,229.1199951171875,207.01336669921875,504.64154052734375,349.6000061035156
2025-08-28,232.11758422851562,231.60000610351562,211.1640167236328,507.529541015625,345.9800109863281
2025-08-29,231.69837951660156,229.0,212.43115234375,504.59173583984375,333.8699951171875
2025-09-02,229.28298950195312,225.33999633789062,210.87466430664062,503.0282287597656,329.3599853515625
2025-09-03,238.01634216308594,225.99000549316406,230.1412353515625,503.2572937011719,334.0899963378906
2025-09-04,239.32383728027344,235.67999267578125,231.7775421142578,505.866455078125,338.5299987792969
2025-09-05,239.2340087890625,232.3300018310547,234.47146606445312,492.9501647949219,350.8399963378906
2025-09-08,237.42745971679688,235.83999633789062,233.72247314453125,496.13690185546875,346.3999938964844
2025-09-09,233.9041748046875,238.24000549316406,239.30491638183594,496.34600830078125,346.9700012207031
2025-09-10,226.35855102539062,230.3300018310547,238.84552001953125,498.29791259765625,347.7900085449219
2025-09-11,229.59239196777344,229.9499969482422,240.0438995361328,498.9352722167969,368.80999755859375
2025-09-12,233.6247100830078,228.14999389648438,240.4733123779297,507.7884521484375,395.94000244140625
2025-09-15,236.24969482421875,231.42999267578125,251.26864624023438,513.225830078125,410.0400085449219
2025-09-16,237.6969451904297,234.0500030517578,250.8192596435547,506.9320068359375,421.6199951171875
2025-09-17,238.5353546142578,231.6199951171875,249.19146728515625,507.9079284667969,425.8599853515625
2025-09-18,237.42745971679688,231.22999572753906,251.68807983398438,506.3444519042969,416.8500061035156
2025-09-19,245.032958984375,231.47999572753906,254.3744354248047,515.7852172851562,426.07000732421875
2025-09-22,255.5928192138672,227.6300048828125,252.18739318847656,512.3196411132812,434.2099914550781
2025-09-23,253.9459686279297,220.7100067138672,251.31858825683594,507.1212463378906,425.8500061035156
2025-09-24,251.8300018310547,220.2100067138672,246.80470275878906,508.0373840332031,442.7900085449219
2025-09-25,256.3813171386719,218.14999389648438,245.45654296875,504.9303283691406,423.3900146484375
2025-09-26,254.97401428222656,219.77999877929688,246.2055206298828,509.3419494628906,440.3999938964844
2025-09-29,253.9459686279297,222.1699981689453,243.71890258789062,512.4689331054688,443.2099914550781
2025-09-30,254.14559936523438,219.57000732421875,242.77020263671875,515.8051147460938,444.7200012207031
2025-10-01,254.9640350341797,220.6300048828125,244.5677490234375,517.5578002929688,459.4599914550781
2025-10-02,256.6408386230469,222.41000366210938,245.35667419433594,513.6041870117188,436.0
2025-10-03,257.5291442871094,219.50999450683594,245.01715087890625,515.20751953125,429.8299865722656
2025-10-06,256.20166015625,220.89999389648438,250.09024047851562,526.3811645507812,453.25
2025-10-07,255.99209594726562,221.77999877929688,245.42657470703125,521.8101196289062,433.0899963378906
2025-10-08,257.569091796875,225.22000122070312,244.2881317138672,522.676513671875,438.69000244140625
2025-10-09,253.55670166015625,227.74000549316406,241.2023162841797,520.2366943359375,435.5400085449219
2025-10-10,244.80340576171875,216.3699951171875,236.2490692138672,508.84405517578125,413.489990234375
2025-10-13,247.18885803222656,220.07000732421875,243.81875610351562,511.9212646484375,435.8999938964844
2025-10-14,247.29864501953125,216.38999938964844,245.1169891357422,511.4432067871094,429.239990234375
2025-10-15,248.86566162109375,215.57000732421875,250.68942260742188,511.3038330078125,435.1499938964844
2025-10-16,246.97926330566406,214.47000122070312,251.1188507080078,509.4913330078125,428.75
2025-10-17,251.81002807617188,213.0399932861328,252.9563446044922,511.4532165527344,439.30999755859375
2025-10-20,261.7411193847656,216.47999572753906,256.2019348144531,514.6498413085938,447.42999267578125
2025-10-21,262.27008056640625,222.02999877929688,250.12020874023438,515.5162963867188,442.6000061035156
2025-10-22,257.9583435058594,217.9499969482422,251.34854125976562,518.3843383789062,438.9700012207031
2025-10-23,259.0861511230469,221.08999633789062,252.73666381835938,518.404296875,448.9800109863281
2025-10-24,262.3200378417969,224.2100067138672,259.5673828125,521.441650390625,433.7200012207031
2025-10-27,268.2986145019531,226.97000122070312,268.9046630859375,529.3189697265625,452.4200134277344
2025-10-28,268.4882507324219,229.25,267.1071472167969,539.8251953125,460.54998779296875
2025-10-29,269.1869201660156,230.3000030517578,274.197509765625,539.3073120117188,461.510009765625
2025-10-30,270.8836669921875,222.86000061035156,281.09814453125,523.582763671875,440.1000061035156
2025-10-31,269.85565185546875,244.22000122070312,280.8085021972656,515.6656494140625,456.55999755859375
2025-11-03,268.53814697265625,254.0,283.3350830078125,514.888916015625,468.3699951171875
2025-11-04,269.5262756347656,249.32000732421875,277.1634521484375,512.2001342773438,444.260009765625
2025-11-05,269.6260986328125,250.1999969482422,283.92425537109375,505.0597839355469,462.07000732421875
2025-11-06,269.25677490234375,243.0399932861328,284.3636779785156,495.04144287109375,445.9100036621094
2025-11-07,267.9592590332031,244.41000366210938,278.45172119140625,494.7626037597656,429.5199890136719
2025-11-10,269.1781311035156,248.39999389648438,289.7064208984375,503.90460205078125,445.2300109863281
2025-11-11,274.99267578125,249.10000610351562,290.914794921875,506.573486328125,439.6199951171875
2025-11-12,273.21435546875,244.1999969482422,286.3210144042969,509.0233154296875,430.6000061035156
2025-11-13,272.6948547363281,237.5800018310547,278.19207763671875,501.205810546875,401.989990234375
2025-11-14,272.15533447265625,234.69000244140625,276.0350036621094,508.0672912597656,404.3500061035156
2025-11-17,267.2099609375,232.8699951171875,284.63330078125,505.388427734375,408.9200134277344
2025-11-18,267.19000244140625,222.5500030517578,283.8943176269531,491.74517822265625,401.25
2025-11-19,268.3089294433594,222.69000244140625,292.4127502441406,485.102783203125,403.989990234375
2025-11-20,266.0010986328125,217.13999938964844,289.05731201171875,477.3404846191406,395.2300109863281
2025-11-21,271.2361755371094,220.69000244140625,299.25347900390625,471.04486083984375,391.0899963378906
2025-11-24,275.6620788574219,226.27999877929688,318.14776611328125,472.92059326171875,417.7799987792969
2025-11-25,276.7110900878906,229.6699981689453,323.0011901855469,475.90374755859375,419.3999938964844
2025-11-26,277.29052734375,229.16000366210938,319.5159606933594,484.3943786621094,426.5799865722656
2025-11-28,278.5893249511719,233.22000122070312,319.7456359863281,490.88958740234375,430.1700134277344
2025-12-01,282.8353576660156,233.8800048828125,314.46282958984375,485.6315612792969,430.1400146484375
2025-12-02,285.9224548339844,234.4199981689453,315.38153076171875,488.8841552734375,429.239990234375
2025-12-03,283.8843688964844,232.3800048828125,319.19635009765625,476.64208984375,446.739990234375
2025-12-04,280.4375915527344,229.11000061035156,317.1890869140625,479.7449951171875,454.5299987792969
2025-12-05,278.5193786621094,229.52999877929688,320.8341064453125,482.0597229003906,455.0
2025-12-08,277.6302185058594,226.88999938964844,313.49932861328125,489.9018249511719,439.5799865722656
2025-12-09,276.9208679199219,227.9199981689453,316.85693359375,490.8995361328125,445.1700134277344
2025-12-10,278.5193786621094,231.77999877929688,319.9847412109375,477.4701843261719,451.45001220703125
2025-12-11,277.77008056640625,230.27999877929688,312.210205078125,482.3690185546875,446.8900146484375
2025-12-12,278.0198669433594,226.19000244140625,309.07244873046875,477.4402770996094,458.9599914550781
2025-12-15,273.8537292480469,222.5399932861328,308.003173828125,473.73870849609375,475.30999755859375
2025-12-16,274.353271484375,222.55999755859375,306.3543395996094,475.3051452636719,489.8800048828125
2025-12-17,271.58587646484375,221.27000427246094,296.5112609863281,475.0357360839844,467.260009765625
2025-12-18,271.935546875,226.75999450683594,302.2472229003906,482.87786865234375,483.3699951171875
2025-12-19,273.4141845703125,227.35000610351562,306.9439392089844,484.8134460449219,481.20001220703125
2025-12-22,270.7166748046875,228.42999267578125,309.56207275390625,483.81573486328125,488.7300109863281
2025-12-23,272.1053771972656,232.13999938964844,314.1288757324219,485.7413330078125,485.55999755859375
2025-12-24,273.55401611328125,232.3800048828125,313.8690490722656,486.90863037109375,485.3999938964844
2025-12-26,273.1444091796875,232.52000427246094,313.2894592285156,486.599365234375,475.19000244140625
2025-12-29,273.50408935546875,232.07000732421875,313.33941650390625,485.9907531738281,459.6400146484375
2025-12-30,272.82470703125,232.52999877929688,313.6292419433594,486.3699035644531,454.42999267578125
2025-12-31,271.6058349609375,230.82000732421875,312.7798156738281,482.5186767578125,449.7200012207031
2026-01-02,270.75665283203125,226.5,314.9283142089844,471.8630065917969,438.07000732421875
2026-01-05,267.0101623535156,233.05999755859375,316.3173522949219,471.773193359375,451.6700134277344
2026-01-06,262.1147155761719,240.92999267578125,314.1188659667969,477.4203186035156,432.9599914550781
2026-01-07,260.08660888671875,241.55999755859375,321.7535095214844,482.3690185546875,431.4100036621094
2026-01-08,258.7978515625,246.2899932861328,325.2110595703125,477.0212097167969,435.79998779296875
2026-01-09,259.1275329589844,247.3800048828125,328.3388671875,478.1885681152344,445.010009765625
2026-01-12,260.0067138671875,246.47000122070312,331.62652587890625,476.09332275390625,448.9599914550781
2026-01-13,260.8059387207031,242.60000610351562,335.7336730957031,469.5981750488281,447.20001220703125
2026-01-14,259.71697998046875,236.64999389648438,335.603759765625,458.3338928222656,439.20001220703125
2026-01-15,257.9685974121094,238.17999267578125,332.5458984375,455.6200866699219,438.57000732421875
2026-01-16,255.29112243652344,239.1199951171875,329.7678527832031,458.8127746582031,437.5
2026-01-20,246.46937561035156,231.0,321.77349853515625,453.48492431640625,419.25
2026-01-21,247.41848754882812,231.30999755859375,328.1490173339844,443.0986328125,431.44000244140625
2026-01-22,248.1178436279297,234.33999633789062,330.3074951171875,450.1126403808594,449.3599853515625
2026-01-23,247.80812072753906,239.16000366210938,327.6993103027344,464.888916015625,449.05999755859375
2026-01-26,255.17123413085938,238.4199981689453,333.02557373046875,469.20904541015625,435.20001220703125
2026-01-27,258.0285339355469,244.67999267578125,334.31463623046875,479.485595703125,430.8999938964844
2026-01-28,256.2002868652344,243.00999450683594,335.7736511230469,480.533203125,431.4599914550781
2026-01-29,258.0385437011719,241.72999572753906,338.0120544433594,432.5128173828125,416.55999755859375
2026-01-30,259.2374267578125,239.3000030517578,337.7622375488281,429.31011962890625,430.4100036621094
2026-02-02,269.7575988769531,242.9600067138672,343.4482421875,422.4058837890625,421.80999755859375
2026-02-03,269.22808837890625,238.6199951171875,339.47100830078125,410.2735595703125,421.9599914550781
2026-02-04,276.23150634765625,232.99000549316406,332.80572509765625,413.2467956542969,406.010009765625
2026-02-05,275.6520690917969,222.69000244140625,331.0169677734375,392.7735290527344,397.2099914550781
2026-02-06,277.8599853515625,210.32000732421875,322.63287353515625,400.22650146484375,411.1099853515625
2026-02-09,274.6199951171875,208.72000122070312,324.09185791015625,412.65814208984375,417.32000732421875
2026-02-10,273.67999267578125,206.9600067138672,318.3558654785156,412.328857421875,425.2099914550781
2026-02-11,275.5,204.0800018310547,310.7412414550781,403.4491271972656,428.2699890136719
2026-02-12,261.7300109863281,199.60000610351562,308.7826232910156,400.9248962402344,417.07000732421875
2026-02-13,255.77999877929688,198.7899932861328,305.50494384765625,400.4060974121094,417.44000244140625
2026-02-17,263.8800048828125,201.14999389648438,301.8075256347656,395.95623779296875,410.6300048828125
2026-02-18,264.3500061035156,204.7899932861328,303.1166076660156,398.69000244140625,411.32000732421875
2026-02-19,260.5799865722656,204.86000061035156,302.636962890625,398.4599914550781,411.7099914550781
2026-02-20,264.5799865722656,210.11000061035156,314.7584228515625,397.2300109863281,411.82000732421875
2026-02-23,266.17999267578125,205.27000427246094,311.2708740234375,384.4700012207031,399.8299865722656
2026-02-24,272.1400146484375,208.55999755859375,310.6813049316406,389.0,409.3800048828125
2026-02-25,274.2300109863281,210.63999938964844,312.67987060546875,400.6000061035156,417.3999938964844
2026-02-26,272.95001220703125,207.9199981689453,307.1637878417969,401.7200012207031,408.5799865722656
2026-02-27,264.17999267578125,210.0,311.54071044921875,392.739990234375,402.510009765625
2026-03-02,264.7200012207031,208.38999938964844,306.3043518066406,398.54998779296875,403.32000732421875
2026-03-03,263.75,208.72999572753906,303.3664245605469,403.92999267578125,392.42999267578125
2026-03-04,262.5199890136719,216.82000732421875,302.9167785644531,405.20001220703125,405.94000244140625
2026-03-05,260.2900085449219,218.94000244140625,300.6683349609375,410.67999267578125,405.54998779296875
2026-03-06,257.4599914550781,213.2100067138672,298.30999755859375,408.9599914550781,396.7300109863281
2026-03-09,259.8800048828125,213.49000549316406,306.3599853515625,409.4100036621094,398.67999267578125
2026-03-10,260.8299865722656,214.3300018310547,307.0400085449219,405.760009765625,399.239990234375
2026-03-11,260.80999755859375,212.64999389648438,308.70001220703125,404.8800048828125,407.82000732421875
2026-03-12,255.75999450683594,209.52999877929688,303.54998779296875,401.8599853515625,395.010009765625
2026-03-13,250.1199951171875,207.6699981689453,302.2799987792969,395.54998779296875,391.20001220703125
2026-03-16,252.82000732421875,211.74000549316406,305.55999755859375,399.95001220703125,395.55999755859375
2026-03-17,254.22999572753906,215.1999969482422,310.9200134277344,399.4100036621094,399.2699890136719
2026-03-18,249.94000244140625,209.8699951171875,307.69000244140625,391.7900085449219,392.7799987792969
2026-03-19,248.9600067138672,208.75999450683594,307.1300048828125,389.0199890136719,380.29998779296875
2026-03-20,247.99000549316406,205.3699951171875,301.0,381.8699951171875,367.9599914550781
2026-03-23,251.49000549316406,210.13999938964844,302.05999755859375,383.0,380.8500061035156
2026-03-24,251.63999938964844,207.24000549316406,290.44000244140625,372.739990234375,383.0299987792969
2026-03-25,252.6199951171875,211.7100067138672,290.92999267578125,371.0400085449219,385.95001220703125
2026-03-26,252.88999938964844,207.5399932861328,280.9200134277344,365.9700012207031,372.1099853515625
2026-03-27,248.8000030517578,199.33999633789062,274.3399963378906,356.7699890136719,361.8299865722656
2026-03-30,246.6300048828125,200.9499969482422,273.5,358.9599914550781,355.2799987792969
